order,type,document_number,parcel_number,sub_district_no,location_id,rai,ngan,tarang_wa,usage_agriculture,usage_living,usage_other,usage_none,usage_misc,type_of_usage
7,โฉนด,1758,1389,1438.0,01A005,2.0,1.0,8.7,908.7,0.0,0.0,0.0,0.0,agriculture
45,โฉนด,146920,1777,6581.0,01A027/001,0.0,0.0,35.9,35.9,0.0,0.0,0.0,0.0,agriculture
73,โฉนด,72196,13,4403.0,01A044/002,0.0,0.0,84.1,84.1,0.0,0.0,0.0,0.0,agriculture
98,โฉนด,112915,26,5057.0,01B010/002,0.0,0.0,6.1,6.1,0.0,0.0,0.0,0.0,agriculture
123,โฉนด,2313,292,1397.0,01B033,0.0,0.0,67.1,67.1,0.0,0.0,0.0,0.0,agriculture
129,โฉนด,2823,289,1884.0,01B039,0.0,1.0,37.0,137.0,0.0,0.0,0.0,0.0,agriculture
135,โฉนด,1976,305,1390.0,01B044,0.0,2.0,34.3,234.3,0.0,0.0,0.0,0.0,agriculture
145,โฉนด,1325,319,1384.0,01C004,0.0,3.0,11.1,311.1,0.0,0.0,0.0,0.0,agriculture
149,โฉนด,87180,35,4791.0,01C004/004,0.0,0.0,14.2,14.2,0.0,0.0,0.0,0.0,agriculture
153,โฉนด,1321,339,1380.0,01C008,0.0,0.0,64.0,64.0,0.0,0.0,0.0,0.0,agriculture
164,โฉนด,1272,357,1375.0,01C019,0.0,1.0,49.5,149.5,0.0,0.0,0.0,0.0,agriculture
166,โฉนด,66790,2562,4280.0,01C019/002,0.0,0.0,51.7,51.7,0.0,0.0,0.0,0.0,agriculture
170,โฉนด,1273,356,1374.0,01C021,0.0,1.0,73.6,173.6,0.0,0.0,0.0,0.0,agriculture
173,โฉนด,10538,358,2432.0,01C024,0.0,1.0,93.4,193.4,0.0,0.0,0.0,0.0,agriculture
174,โฉนด,2701,355,1866.0,01C025,0.0,1.0,42.7,142.7,0.0,0.0,0.0,0.0,agriculture
220,โฉนด,67537,2530,4324.0,01D001/006,0.0,0.0,84.0,84.0,0.0,0.0,0.0,0.0,agriculture
242,โฉนด,67066,2581,4284.0,01D016/001,0.0,0.0,81.6,81.6,0.0,0.0,0.0,0.0,agriculture
257,โฉนด,86903,23,4779.0,01D018/002,0.0,0.0,51.9,51.9,0.0,0.0,0.0,0.0,agriculture
334,โฉนด,19770,647,3089.0,01D060,0.0,0.0,9.1,9.1,0.0,0.0,0.0,0.0,agriculture
340,โฉนด,29203,532,3596.0,01E003/003,0.0,0.0,46.2,46.2,0.0,0.0,0.0,0.0,agriculture
383,โฉนด,800,1034,1113.0,01E020,0.0,3.0,24.8,324.8,0.0,0.0,0.0,0.0,agriculture
416,โฉนด,295,1056,619.0,01E040,0.0,0.0,65.5,65.5,0.0,0.0,0.0,0.0,agriculture
421,โฉนด,301,1047,607.0,01E043,0.0,0.0,92.4,92.4,0.0,0.0,0.0,0.0,agriculture
425,โฉนด,305,1046,608.0,01E044,0.0,2.0,14.9,214.9,0.0,0.0,0.0,0.0,agriculture
427,โฉนด,23022,1044,3186.0,01E045/001,0.0,0.0,99.1,99.1,0.0,0.0,0.0,0.0,agriculture
437,โฉนด,2757,1043,614.0,01E054,2.0,0.0,36.7,836.7,0.0,0.0,0.0,0.0,agriculture
440,โฉนด,98028,31,4939.0,01F002/001,0.0,0.0,28.7,28.7,0.0,0.0,0.0,0.0,agriculture
442,โฉนด,122007,2541,5236.0,01F003/001,0.0,0.0,28.9,28.9,0.0,0.0,0.0,0.0,agriculture
452,โฉนด,82006,109,4640.0,01F012/001,0.0,1.0,0.0,100.0,0.0,0.0,0.0,0.0,agriculture
456,โฉนด,8199,1197,2323.0,01F015,0.0,2.0,10.4,210.4,0.0,0.0,0.0,0.0,agriculture
457,โฉนด,8200,1198,2324.0,01F016,0.0,2.0,9.0,209.0,0.0,0.0,0.0,0.0,agriculture
458,โฉนด,8201,1199,2325.0,01F017,0.0,2.0,9.0,209.0,0.0,0.0,0.0,0.0,agriculture
465,โฉนด,435,1105,600.0,01F024,0.0,1.0,58.0,158.0,0.0,0.0,0.0,0.0,agriculture
466,โฉนด,144905,177,6525.0,01F024/001,0.0,1.0,58.0,158.0,0.0,0.0,0.0,0.0,agriculture
475,โฉนด,328,1103,595.0,01F032,0.0,0.0,57.8,57.8,0.0,0.0,0.0,0.0,agriculture
479,โฉนด,325,1156,592.0,01F035,0.0,1.0,51.0,151.0,0.0,0.0,0.0,0.0,agriculture
507,โฉนด,13612,1214,2999.0,01F051,0.0,2.0,41.3,241.3,0.0,0.0,0.0,0.0,agriculture
517,โฉนด,124537,101,5311.0,01F060/001,0.0,0.0,91.5,91.5,0.0,0.0,0.0,0.0,agriculture
522,โฉนด,18898,2123,3049.0,01F065,0.0,0.0,70.2,70.2,0.0,0.0,0.0,0.0,agriculture
523,โฉนด,947,2124,1700.0,01F066,0.0,0.0,71.6,71.6,0.0,0.0,0.0,0.0,agriculture
524,โฉนด,937,2125,645.0,01F067,0.0,0.0,81.9,81.9,0.0,0.0,0.0,0.0,agriculture
526,โฉนด,19780,2126,3121.0,01F069,0.0,0.0,95.1,95.1,0.0,0.0,0.0,0.0,agriculture
528,โฉนด,2750,2162,636.0,01F071,2.0,1.0,2.1,902.1,0.0,0.0,0.0,0.0,agriculture
535,โฉนด,136905,2721,6127.0,01F073/005,0.0,0.0,25.5,25.5,0.0,0.0,0.0,0.0,agriculture
536,โฉนด,136904,2720,6126.0,01F073/006,0.0,0.0,25.5,25.5,0.0,0.0,0.0,0.0,agriculture
547,โฉนด,416,2117,649.0,01F079,1.0,1.0,5.2,505.2,0.0,0.0,0.0,0.0,agriculture
590,โฉนด,1689,1382,115.0,02A002/002,0.0,2.0,78.0,278.0,0.0,0.0,0.0,0.0,agriculture
592,โฉนด,2052,1452,1578.0,02A004,4.0,0.0,44.5,1644.5,0.0,0.0,0.0,0.0,agriculture
608,โฉนด,2196,1453,350.0,02A014,0.0,3.0,88.2,388.2,0.0,0.0,0.0,0.0,agriculture
609,โฉนด,2197,1454,573.0,02A015,1.0,0.0,8.0,408.0,0.0,0.0,0.0,0.0,agriculture
610,โฉนด,2198,484,76.0,02A016,1.0,3.0,51.7,751.7,0.0,0.0,0.0,0.0,agriculture
611,โฉนด,2681,554,1603.0,02A017,17.0,3.0,21.7,7121.7,0.0,0.0,0.0,0.0,agriculture
621,โฉนด,30688,565,3689.0,02B006/002,0.0,0.0,78.1,78.1,0.0,0.0,0.0,0.0,agriculture
628,โฉนด,99659,59,4974.0,02B007/003,0.0,0.0,89.5,89.5,0.0,0.0,0.0,0.0,agriculture
710,โฉนด,2346,314,1581.0,02D022,5.0,3.0,98.6,2398.6,0.0,0.0,0.0,0.0,agriculture
711,โฉนด,11157,649,2587.0,02D023,0.0,1.0,24.0,124.0,0.0,0.0,0.0,0.0,agriculture
712,โฉนด,11158,648,2588.0,02D024,0.0,1.0,24.0,124.0,0.0,0.0,0.0,0.0,agriculture
755,โฉนด,11246,666,2676.0,02D060,0.0,1.0,19.5,119.5,0.0,0.0,0.0,0.0,agriculture
759,โฉนด,11250,622,2680.0,02D064,0.0,1.0,16.1,116.1,0.0,0.0,0.0,0.0,agriculture
760,โฉนด,11251,623,2681.0,02D065,0.0,1.0,17.9,117.9,0.0,0.0,0.0,0.0,agriculture
768,โฉนด,11258,626,2688.0,02D072,0.0,1.0,16.0,116.0,0.0,0.0,0.0,0.0,agriculture
769,โฉนด,11259,626,2688.0,02D073,0.0,1.0,17.9,117.9,0.0,0.0,0.0,0.0,agriculture
770,โฉนด,11260,805,2690.0,02D074,0.0,1.0,20.0,120.0,0.0,0.0,0.0,0.0,agriculture
771,โฉนด,11261,808,2691.0,02D075,0.0,1.0,20.4,120.4,0.0,0.0,0.0,0.0,agriculture
773,โฉนด,11263,629,2693.0,02D077,0.0,1.0,13.2,113.2,0.0,0.0,0.0,0.0,agriculture
774,โฉนด,11264,628,2694.0,02D078,0.0,1.0,14.6,114.6,0.0,0.0,0.0,0.0,agriculture
775,โฉนด,11265,627,2695.0,02D079,0.0,1.0,16.6,116.6,0.0,0.0,0.0,0.0,agriculture
776,โฉนด,11266,806,2696.0,02D080,0.0,1.0,17.0,117.0,0.0,0.0,0.0,0.0,agriculture
777,โฉนด,11267,807,2697.0,02D081,0.0,1.0,18.6,118.6,0.0,0.0,0.0,0.0,agriculture
778,โฉนด,11268,631,2698.0,02D082,0.0,1.0,16.2,116.2,0.0,0.0,0.0,0.0,agriculture
779,โฉนด,11269,632,2699.0,02D083,0.0,1.0,16.0,116.0,0.0,0.0,0.0,0.0,agriculture
785,โฉนด,11275,642,2705.0,02D089,0.0,1.0,11.1,111.1,0.0,0.0,0.0,0.0,agriculture
786,โฉนด,11276,641,2706.0,02D090,0.0,1.0,12.5,112.5,0.0,0.0,0.0,0.0,agriculture
791,โฉนด,11051,600,2534.0,02E002,0.0,0.0,40.0,40.0,0.0,0.0,0.0,0.0,agriculture
792,โฉนด,11052,601,2535.0,02E003,0.0,0.0,40.0,40.0,0.0,0.0,0.0,0.0,agriculture
793,โฉนด,11053,602,2536.0,02E004,0.0,0.0,40.0,40.0,0.0,0.0,0.0,0.0,agriculture
794,โฉนด,11054,603,2537.0,02E005,0.0,0.0,40.0,40.0,0.0,0.0,0.0,0.0,agriculture
795,โฉนด,11055,604,2538.0,02E006,0.0,0.0,40.0,40.0,0.0,0.0,0.0,0.0,agriculture
803,โฉนด,11069,625,2552.0,02E014,0.0,1.0,3.7,103.7,0.0,0.0,0.0,0.0,agriculture
813,โฉนด,8582,611,2348.0,02E037,0.0,1.0,33.7,133.7,0.0,0.0,0.0,0.0,agriculture
814,โฉนด,116579,31,5101.0,02E037/001,0.0,1.0,99.0,199.0,0.0,0.0,0.0,0.0,agriculture
817,โฉนด,116577,29,5099.0,02E037/004,0.0,2.0,86.1,286.1,0.0,0.0,0.0,0.0,agriculture
827,โฉนด,1617,894,1499.0,02E046,0.0,0.0,32.1,32.1,0.0,0.0,0.0,0.0,agriculture
840,โฉนด,11315,863,2745.0,02E063,0.0,1.0,9.3,109.3,0.0,0.0,0.0,0.0,agriculture
841,โฉนด,11316,864,2746.0,02E064,0.0,1.0,6.6,106.6,0.0,0.0,0.0,0.0,agriculture
844,โฉนด,11320,868,2750.0,02E067,0.0,1.0,20.7,120.7,0.0,0.0,0.0,0.0,agriculture
875,โฉนด,11182,814,2612.0,02E091,0.0,1.0,30.8,130.8,0.0,0.0,0.0,0.0,agriculture
876,โฉนด,11183,817,2613.0,02E092,0.0,1.0,32.5,132.5,0.0,0.0,0.0,0.0,agriculture
878,โฉนด,11185,821,2615.0,02E094,0.0,1.0,36.1,136.1,0.0,0.0,0.0,0.0,agriculture
879,โฉนด,11186,822,2616.0,02E095,0.0,1.0,37.7,137.7,0.0,0.0,0.0,0.0,agriculture
881,โฉนด,11188,810,2618.0,02E097,0.0,1.0,24.1,124.1,0.0,0.0,0.0,0.0,agriculture
887,โฉนด,11193,819,2623.0,02E0102,0.0,1.0,29.3,129.3,0.0,0.0,0.0,0.0,agriculture
890,โฉนด,11196,832,2626.0,02E0105,0.0,1.0,21.3,121.3,0.0,0.0,0.0,0.0,agriculture
891,โฉนด,11197,831,2627.0,02E0106,0.0,1.0,22.8,122.8,0.0,0.0,0.0,0.0,agriculture
892,โฉนด,11198,830,2628.0,02E0107,0.0,1.0,24.4,124.4,0.0,0.0,0.0,0.0,agriculture
893,โฉนด,11199,829,2629.0,02E0108,0.0,1.0,25.9,125.9,0.0,0.0,0.0,0.0,agriculture
899,โฉนด,11205,833,2635.0,02E0114,0.0,1.0,21.2,121.2,0.0,0.0,0.0,0.0,agriculture
900,โฉนด,11206,834,2636.0,02E0115,0.0,1.0,21.9,121.9,0.0,0.0,0.0,0.0,agriculture
901,โฉนด,11207,835,2637.0,02E0116,0.0,1.0,23.3,123.3,0.0,0.0,0.0,0.0,agriculture
902,โฉนด,11208,836,2638.0,02E0117,0.0,1.0,24.9,124.9,0.0,0.0,0.0,0.0,agriculture
910,โฉนด,11216,848,2646.0,02E0125,0.0,1.0,21.8,121.8,0.0,0.0,0.0,0.0,agriculture
911,โฉนด,11217,847,2647.0,02E0126,0.0,1.0,21.9,121.9,0.0,0.0,0.0,0.0,agriculture
912,โฉนด,11218,846,2648.0,02E0127,0.0,1.0,23.4,123.4,0.0,0.0,0.0,0.0,agriculture
913,โฉนด,11219,845,2649.0,02E0128,0.0,1.0,22.5,122.5,0.0,0.0,0.0,0.0,agriculture
926,โฉนด,11231,859,2661.0,02E0140,0.0,1.0,28.8,128.8,0.0,0.0,0.0,0.0,agriculture
932,โฉนด,11285,938,2715.0,02E0146,0.0,2.0,86.4,286.4,0.0,0.0,0.0,0.0,agriculture
933,โฉนด,142555,994,6477.0,02E146/001,0.0,2.0,0.0,200.0,0.0,0.0,0.0,0.0,agriculture
954,โฉนด,11329,953,2759.0,02E0162,0.0,2.0,14.1,214.1,0.0,0.0,0.0,0.0,agriculture
955,โฉนด,11079,620,2562.0,02E0163,1.0,3.0,30.9,730.9,0.0,0.0,0.0,0.0,agriculture
961,โฉนด,132818,701,5852.0,02E163/006,0.0,1.0,16.1,116.1,0.0,0.0,0.0,0.0,agriculture
965,โฉนด,107968,15,5024.0,02E163/010,2.0,0.0,0.0,800.0,0.0,0.0,0.0,0.0,agriculture
967,โฉนด,140522,706,6319.0,02E163/012,0.0,0.0,75.9,75.9,0.0,0.0,0.0,0.0,agriculture
968,โฉนด,147430,708,6596.0,02E163/013,0.0,0.0,25.4,25.4,0.0,0.0,0.0,0.0,agriculture
969,โฉนด,147429,707,6595.0,02E163/014,0.0,0.0,24.2,24.2,0.0,0.0,0.0,0.0,agriculture
978,โฉนด,94035,48,10511.0,02F003/005,0.0,0.0,41.2,41.2,0.0,0.0,0.0,0.0,agriculture
979,โฉนด,25568,735,3287.0,02F004,0.0,3.0,71.9,371.9,0.0,0.0,0.0,0.0,agriculture
988,โฉนด,131184,1044,5514.0,02F010/001,0.0,0.0,81.9,81.9,0.0,0.0,0.0,0.0,agriculture
991,โฉนด,139834,1070,6275.0,02F011/001,0.0,0.0,92.6,92.6,0.0,0.0,0.0,0.0,agriculture
1030,โฉนด,2407,645,1504.0,02G001,36.0,2.0,77.7,14677.7,0.0,0.0,0.0,0.0,agriculture
1045,โฉนด,10806,727,2464.0,02G017,0.0,0.0,73.1,73.1,0.0,0.0,0.0,0.0,agriculture
1052,โฉนด,62398,54,4089.0,02G021/003,0.0,0.0,96.3,96.3,0.0,0.0,0.0,0.0,agriculture
1053,โฉนด,62399,55,4090.0,02G021/004,0.0,1.0,88.0,188.0,0.0,0.0,0.0,0.0,agriculture
1058,โฉนด,87947,26,4783.0,02G023/003,0.0,0.0,56.6,56.6,0.0,0.0,0.0,0.0,agriculture
1144,โฉนด,75120,11,4461.0,02I014/004,0.0,0.0,29.6,29.6,0.0,0.0,0.0,0.0,agriculture
1185,โฉนด,65480,44,5388.0,02I046/002,0.0,0.0,38.4,38.4,0.0,0.0,0.0,0.0,agriculture
1292,โฉนด,2680,1380,977.0,02K014,4.0,0.0,43.1,1643.1,0.0,0.0,0.0,0.0,agriculture
1304,โฉนด,69862,4,4349.0,02K019/003,0.0,0.0,43.1,43.1,0.0,0.0,0.0,0.0,agriculture
1305,โฉนด,69861,3,4348.0,02K019/004,0.0,0.0,41.2,41.2,0.0,0.0,0.0,0.0,agriculture
1308,โฉนด,715,1374,976.0,02K020,0.0,1.0,57.7,157.7,0.0,0.0,0.0,0.0,agriculture
1312,โฉนด,138307,68,6195.0,02K023/001,0.0,1.0,27.8,127.8,0.0,0.0,0.0,0.0,agriculture
1364,โฉนด,373,1130,475.0,02K056,0.0,0.0,70.4,70.4,0.0,0.0,0.0,0.0,agriculture
1371,โฉนด,2756,2162,489.0,02K062,6.0,1.0,42.7,2542.7,0.0,0.0,0.0,0.0,agriculture
1375,โฉนด,256,1138,462.0,02K066,0.0,2.0,19.7,219.7,0.0,0.0,0.0,0.0,agriculture
1376,โฉนด,84273,2535,4689.0,02K066/001,0.0,1.0,58.7,158.7,0.0,0.0,0.0,0.0,agriculture
1395,โฉนด,-,-,-,02K078,0.0,2.0,69.0,269.0,0.0,0.0,0.0,0.0,agriculture
1446,โฉนด,8360,2196,2367.0,02L022,0.0,0.0,70.9,70.9,0.0,0.0,0.0,0.0,agriculture
1447,โฉนด,2816,2199,1427.0,02L023,0.0,0.0,71.1,71.1,0.0,0.0,0.0,0.0,agriculture
1460,โฉนด,209,2192,384.0,02L032,0.0,0.0,61.4,61.4,0.0,0.0,0.0,0.0,agriculture
1473,โฉนด,1217,2202,5391.0,02L044,0.0,0.0,36.1,36.1,0.0,0.0,0.0,0.0,agriculture
1474,โฉนด,338,2201,376.0,02L045,0.0,0.0,94.2,94.2,0.0,0.0,0.0,0.0,agriculture
1486,โฉนด,197,2243,372.0,02L053,0.0,0.0,76.3,76.3,0.0,0.0,0.0,0.0,agriculture
1500,โฉนด,131,2232,364.0,02L067,0.0,1.0,70.0,170.0,0.0,0.0,0.0,0.0,agriculture
1509,นสล,ลพ.0842,10,-,02L078,0.0,0.0,40.7,40.7,0.0,0.0,0.0,0.0,agriculture
1511,โฉนด,1722,897,1476.0,03A002,0.0,0.0,50.0,50.0,0.0,0.0,0.0,0.0,agriculture
1525,โฉนด,49940,910,3911.0,03A016/001,0.0,2.0,47.1,247.1,0.0,0.0,0.0,0.0,agriculture
1530,โฉนด,2350,917,902.0,03A020,1.0,0.0,23.7,423.7,0.0,0.0,0.0,0.0,agriculture
1537,โฉนด,1037,931,5390.0,03A027,2.0,1.0,19.4,919.4,0.0,0.0,0.0,0.0,agriculture
1550,โฉนด,140938,987,6335.0,03A031/004,0.0,0.0,24.5,24.5,0.0,0.0,0.0,0.0,agriculture
1558,โฉนด,ลพ.0680,-,-,03B001,5.0,3.0,3.0,2303.0,0.0,0.0,0.0,0.0,agriculture
1559,โฉนด,1330,954,1522.0,03B002,2.0,2.0,17.5,1017.5,0.0,0.0,0.0,0.0,agriculture
1560,โฉนด,22126,955,3157.0,03B003,0.0,1.0,14.2,114.2,0.0,0.0,0.0,0.0,agriculture
1561,โฉนด,1867,956,1521.0,03B004,3.0,0.0,51.9,1251.9,0.0,0.0,0.0,0.0,agriculture
1563,โฉนด,1383,960,1517.0,03B006,3.0,0.0,39.4,1239.4,0.0,0.0,0.0,0.0,agriculture
1565,โฉนด,1389,961,1510.0,03B009,1.0,0.0,88.4,488.4,0.0,0.0,0.0,0.0,agriculture
1566,โฉนด,1381,962,1509.0,03B010,2.0,3.0,9.2,1109.2,0.0,0.0,0.0,0.0,agriculture
1612,นสล,ลพ 1083,-,-,03D001,5.0,2.0,18.0,2218.0,0.0,0.0,0.0,0.0,agriculture
1623,โฉนด,955,826,1200.0,03D009,0.0,0.0,73.9,73.9,0.0,0.0,0.0,0.0,agriculture
1628,โฉนด,27062,825,3530.0,03D009/005,0.0,0.0,79.2,79.2,0.0,0.0,0.0,0.0,agriculture
1633,โฉนด,1401,1273,1199.0,03D013,0.0,1.0,52.1,152.1,0.0,0.0,0.0,0.0,agriculture
1634,โฉนด,27705,1272,3504.0,03D013/001,0.0,1.0,61.1,161.1,0.0,0.0,0.0,0.0,agriculture
1638,โฉนด,1875,1279,1193.0,03D015,0.0,2.0,11.1,211.1,0.0,0.0,0.0,0.0,agriculture
1641,โฉนด,2759,1280,1195.0,03D016,7.0,0.0,10.5,2810.5,0.0,0.0,0.0,0.0,agriculture
1646,โฉนด,66403,176,4117.0,03D019/001,0.0,1.0,65.8,165.8,0.0,0.0,0.0,0.0,agriculture
1649,โฉนด,10928,1054,2511.0,03D020,0.0,2.0,40.1,240.1,0.0,0.0,0.0,0.0,agriculture
1668,โฉนด,10939,1083,2502.0,03D040,0.0,1.0,35.0,135.0,0.0,0.0,0.0,0.0,agriculture
1669,โฉนด,10938,1082,2501.0,03D041,0.0,1.0,34.8,134.8,0.0,0.0,0.0,0.0,agriculture
1680,โฉนด,10934,1094,2497.0,03D054,0.0,1.0,34.6,134.6,0.0,0.0,0.0,0.0,agriculture
1681,โฉนด,10935,1095,2498.0,03D055,0.0,1.0,34.5,134.5,0.0,0.0,0.0,0.0,agriculture
1714,โฉนด,782,1333,1180.0,03D080,0.0,0.0,72.3,72.3,0.0,0.0,0.0,0.0,agriculture
1715,โฉนด,98754,33,4947.0,03D080/001,0.0,0.0,59.1,59.1,0.0,0.0,0.0,0.0,agriculture
1724,โฉนด,25243,1300,3300.0,03D086,0.0,0.0,59.8,59.8,0.0,0.0,0.0,0.0,agriculture
1775,โฉนด,2035,1073,1596.0,03E002,12.0,0.0,88.8,4888.8,0.0,0.0,0.0,0.0,agriculture
1777,โฉนด,2625,1232,1549.0,03E004,0.0,0.0,62.9,62.9,0.0,0.0,0.0,0.0,agriculture
1779,โฉนด,27758,1231,3545.0,03E004/004,0.0,0.0,63.8,63.8,0.0,0.0,0.0,0.0,agriculture
1780,โฉนด,2456,1144,1551.0,03E005,0.0,2.0,26.9,226.9,0.0,0.0,0.0,0.0,agriculture
1785,โฉนด,2505,1142,1552.0,03E008,0.0,2.0,57.1,257.1,0.0,0.0,0.0,0.0,agriculture
1809,โฉนด,70640,9,4345.0,03E026/001,0.0,2.0,16.1,216.1,0.0,0.0,0.0,0.0,agriculture
1816,โฉนด,1163,1215,1574.0,03E031,1.0,0.0,77.2,477.2,0.0,0.0,0.0,0.0,agriculture
1818,โฉนด,138161,28,6185.0,03E032/001,0.0,1.0,71.6,171.6,0.0,0.0,0.0,0.0,agriculture
1821,โฉนด,138163,30,6187.0,03E032/004,0.0,0.0,85.8,85.8,0.0,0.0,0.0,0.0,agriculture
1823,โฉนด,1120,1213,1599.0,03E034,0.0,0.0,75.0,75.0,0.0,0.0,0.0,0.0,agriculture
1834,โฉนด,784,1384,1138.0,03F004,0.0,1.0,42.3,142.3,0.0,0.0,0.0,0.0,agriculture
1851,โฉนด,26504,1392,3439.0,03F011/002,0.0,0.0,87.6,87.6,0.0,0.0,0.0,0.0,agriculture
1903,โฉนด,27728,1425,3537.0,03F041/005,0.0,1.0,29.3,129.3,0.0,0.0,0.0,0.0,agriculture
1906,โฉนด,1143,1418,1172.0,03F043,0.0,1.0,64.2,164.2,0.0,0.0,0.0,0.0,agriculture
1907,โฉนด,2898,1419,1960.0,03F043/001,0.0,1.0,68.9,168.9,0.0,0.0,0.0,0.0,agriculture
1909,โฉนด,11121,1414,2581.0,03F045,0.0,0.0,53.7,53.7,0.0,0.0,0.0,0.0,agriculture
1927,โฉนด,65914,41,4140.0,03F054/001,1.0,0.0,0.0,400.0,0.0,0.0,0.0,0.0,agriculture
1928,โฉนด,16431,1435,2982.0,03F055,0.0,0.0,92.2,92.2,0.0,0.0,0.0,0.0,agriculture
1961,โฉนด,1207,1442,1592.0,03F072,2.0,1.0,47.2,947.2,0.0,0.0,0.0,0.0,agriculture
1963,โฉนด,142631,72,6482.0,03F073/001,0.0,1.0,1.0,101.0,0.0,0.0,0.0,0.0,agriculture
1983,โฉนด,77087,13,4446.0,03F086/001,0.0,0.0,86.2,86.2,0.0,0.0,0.0,0.0,agriculture
2002,โฉนด,2922,2478,1978.0,03F100,0.0,1.0,6.3,106.3,0.0,0.0,0.0,0.0,agriculture
2005,โฉนด,1359,2481,549.0,03F103,0.0,1.0,58.0,158.0,0.0,0.0,0.0,0.0,agriculture
2021,โฉนด,2762,-,-,03F117,2.0,3.0,36.9,1136.9,0.0,0.0,0.0,0.0,agriculture
2023,โฉนด,1898,1118,1754.0,03G001/001,1.0,2.0,60.7,660.7,0.0,0.0,0.0,0.0,agriculture
2028,โฉนด,134649,43,6048.0,03G001/006,1.0,0.0,0.0,400.0,0.0,0.0,0.0,0.0,agriculture
2048,โฉนด,145154,55,6529.0,03G003/002,1.0,2.0,20.1,620.1,0.0,0.0,0.0,0.0,agriculture
2052,โฉนด,19157,1167,3076.0,03G007,0.0,0.0,84.0,84.0,0.0,0.0,0.0,0.0,agriculture
2060,โฉนด,18840,1175,3041.0,03G015,0.0,2.0,0.6,200.6,0.0,0.0,0.0,0.0,agriculture
2066,โฉนด,18834,1439,3035.0,03G022,0.0,2.0,0.0,200.0,0.0,0.0,0.0,0.0,agriculture
2080,โฉนด,1309,1190,1528.0,03G027,0.0,0.0,89.5,89.5,0.0,0.0,0.0,0.0,agriculture
2095,โฉนด,71611,3,4382.0,03G039/001,0.0,1.0,0.0,100.0,0.0,0.0,0.0,0.0,agriculture
2098,โฉนด,2920,1520,1976.0,03G042,0.0,2.0,34.8,234.8,0.0,0.0,0.0,0.0,agriculture
2105,โฉนด,2909,2492,1965.0,03G049,0.0,1.0,11.4,111.4,0.0,0.0,0.0,0.0,agriculture
2129,โฉนด,21802,2500,3171.0,03G064,0.0,0.0,78.7,78.7,0.0,0.0,0.0,0.0,agriculture
2144,โฉนด,2440,1247,1544.0,03G075,0.0,0.0,66.1,66.1,0.0,0.0,0.0,0.0,agriculture
2145,โฉนด,116433,6,4920.0,03G075/001,0.0,0.0,66.0,66.0,0.0,0.0,0.0,0.0,agriculture
2149,โฉนด,2639,1234,1547.0,03G078,0.0,0.0,86.0,86.0,0.0,0.0,0.0,0.0,agriculture
2150,โฉนด,69523,1,4336.0,03G079,0.0,2.0,2.8,202.8,0.0,0.0,0.0,0.0,agriculture
2151,โฉนด,99553,8,4950.0,03G080,0.0,0.0,36.0,36.0,0.0,0.0,0.0,0.0,agriculture
2199,โฉนด,364,2454,539.0,03h035,0.0,1.0,40.0,140.0,0.0,0.0,0.0,0.0,agriculture
2200,โฉนด,152697,69,6842.0,03h035/001,0.0,1.0,40.0,140.0,0.0,0.0,0.0,0.0,agriculture
2225,โฉนด,2683,2191,418.0,03h054,5.0,1.0,16.8,2116.8,0.0,0.0,0.0,0.0,agriculture
2228,โฉนด,898,2428,518.0,03h057,0.0,0.0,49.0,49.0,0.0,0.0,0.0,0.0,agriculture
2234,โฉนด,59846,2433,4017.0,03h060/001,1.0,3.0,28.4,728.4,0.0,0.0,0.0,0.0,agriculture
2275,โฉนด,69648,2,4337.0,03h093,0.0,1.0,35.3,135.3,0.0,0.0,0.0,0.0,agriculture
2276,โฉนด,30634,2508,3560.0,03h094,0.0,3.0,53.9,353.9,0.0,0.0,0.0,0.0,agriculture
2277,โฉนด,30549,2507,3559.0,03h095,0.0,1.0,99.2,199.2,0.0,0.0,0.0,0.0,agriculture
2279,โฉนด,69998,2560,4106.0,03h097,0.0,1.0,15.4,115.4,0.0,0.0,0.0,0.0,agriculture
2290,โฉนด,2682,2323,2.0,04A010,2.0,0.0,7.0,807.0,0.0,0.0,0.0,0.0,agriculture
2291,โฉนด,2753,1821,1.0,04A011,1.0,2.0,97.6,697.6,0.0,0.0,0.0,0.0,agriculture
2429,โฉนด,2746,2398,349.0,04A101,2.0,1.0,76.3,976.3,0.0,0.0,0.0,0.0,agriculture
2457,โฉนด,-,-,-,04A116,11.0,2.0,29.5,4629.5,0.0,0.0,0.0,0.0,agriculture
2518,โฉนด,117,822,314.0,04A164,0.0,0.0,81.4,81.4,0.0,0.0,0.0,44.0,agriculture
2537,โฉนด,-,-,-,04B004,1.0,0.0,92.5,492.5,0.0,0.0,0.0,0.0,agriculture
2549,โฉนด,2508,540,1833.0,04B009,0.0,0.0,80.0,80.0,0.0,0.0,0.0,0.0,agriculture
2550,โฉนด,143727,2883,6504.0,04B009/001,0.0,0.0,90.7,90.7,0.0,0.0,0.0,0.0,agriculture
2553,โฉนด,-,-,-,04B012,1.0,3.0,21.2,721.2,0.0,0.0,0.0,0.0,agriculture
2554,โฉนด,2394,654,509.0,04B013,1.0,1.0,54.8,554.8,0.0,0.0,0.0,0.0,agriculture
2575,โฉนด,2057,550,72.0,04B031,0.0,1.0,47.2,147.2,0.0,0.0,0.0,0.0,agriculture
2576,โฉนด,37,549,68.0,04B032,0.0,1.0,12.0,112.0,0.0,0.0,0.0,0.0,agriculture
2578,โฉนด,14157,547,3009.0,04B034,0.0,1.0,8.2,108.2,0.0,0.0,0.0,0.0,agriculture
2588,โฉนด,-,-,-,04B044,1.0,0.0,18.6,418.6,0.0,0.0,0.0,0.0,agriculture
2597,โฉนด,-,-,-,04B054,2.0,2.0,55.9,1055.9,0.0,0.0,0.0,0.0,agriculture
2620,โฉนด,841,594,113.0,04B074,0.0,0.0,54.6,54.6,0.0,0.0,0.0,0.0,agriculture
2622,โฉนด,20904,596,3155.0,04B076,0.0,0.0,56.0,56.0,0.0,0.0,0.0,0.0,agriculture
2623,โฉนด,20903,597,3154.0,04B077,0.0,0.0,55.8,55.8,0.0,0.0,0.0,0.0,agriculture
2766,โฉนด,2334,734,241.0,04C023,0.0,0.0,16.3,16.3,0.0,0.0,0.0,0.0,agriculture
2867,โฉนด,10507,1542,2445.0,04C113,0.0,0.0,33.4,33.4,0.0,0.0,0.0,0.0,agriculture
2948,โฉนด,2274,635,689.0,04D002,0.0,0.0,92.4,92.4,0.0,0.0,0.0,0.0,agriculture
2949,โฉนด,2748,636,342.0,04D003,1.0,1.0,48.4,548.4,0.0,0.0,0.0,0.0,agriculture
3065,โฉนด,26917,1615,3485.0,04D092/007,0.0,0.0,24.0,24.0,0.0,0.0,0.0,0.0,agriculture
3066,โฉนด,26918,1614,3486.0,04D092/008,0.0,0.0,23.1,23.1,0.0,0.0,0.0,0.0,agriculture
3067,โฉนด,26919,1613,3487.0,04D092/009,0.0,0.0,21.8,21.8,0.0,0.0,0.0,0.0,agriculture
3068,โฉนด,26920,1612,3488.0,04D092/010,0.0,0.0,21.0,21.0,0.0,0.0,0.0,0.0,agriculture
3069,โฉนด,26921,1611,3489.0,04D092/011,0.0,0.0,20.0,20.0,0.0,0.0,0.0,0.0,agriculture
3070,โฉนด,26922,1610,3490.0,04D092/012,0.0,0.0,18.9,18.9,0.0,0.0,0.0,0.0,agriculture
3071,โฉนด,26923,1609,3491.0,04D092/013,0.0,0.0,33.8,33.8,0.0,0.0,0.0,0.0,agriculture
3131,โฉนด,697,1624,185.0,04D139,0.0,0.0,47.2,47.2,0.0,0.0,0.0,0.0,agriculture
3133,โฉนด,2500,1621,344.0,04D141,0.0,0.0,26.7,26.7,0.0,0.0,0.0,0.0,agriculture
3139,โฉนด,1074,1633,191.0,04D148,0.0,0.0,70.2,70.2,0.0,0.0,0.0,0.0,agriculture
3140,โฉนด,89899,2767,4842.0,04D148/001,0.0,0.0,71.2,71.2,0.0,0.0,0.0,0.0,agriculture
3147,โฉนด,891,1637,195.0,04D151,0.0,0.0,98.4,98.4,0.0,0.0,0.0,0.0,agriculture
3148,โฉนด,2761,1636,346.0,04D152,0.0,0.0,34.3,34.3,0.0,0.0,0.0,0.0,agriculture
3149,โฉนด,453,1638,223.0,04D153,0.0,0.0,54.5,54.5,0.0,0.0,0.0,0.0,agriculture
3152,โฉนด,2760,1642,345.0,04D156,1.0,2.0,2.3,602.3,0.0,0.0,0.0,0.0,agriculture
3153,โฉนด,2498,1666,343.0,04D157,1.0,0.0,9.4,409.4,0.0,0.0,0.0,0.0,agriculture
3155,โฉนด,30492,1665,3692.0,04D158/001,0.0,0.0,9.0,9.0,0.0,0.0,0.0,0.0,agriculture
3156,โฉนด,30491,1662,3691.0,04D158/002,0.0,0.0,77.3,77.3,0.0,0.0,0.0,0.0,agriculture
3157,โฉนด,54765,1664,3999.0,04D158/004,0.0,0.0,2.6,2.6,0.0,0.0,0.0,0.0,agriculture
3170,โฉนด,1231,1647,1736.0,04D172,0.0,1.0,19.9,119.9,0.0,0.0,0.0,0.0,agriculture
3213,โฉนด,1673,1852,273.0,05A006,0.0,1.0,2.0,102.0,0.0,0.0,0.0,0.0,agriculture
3215,โฉนด,2115,1861,48.0,05A008,0.0,1.0,10.0,110.0,0.0,0.0,0.0,0.0,agriculture
3221,โฉนด,1608,1866,6294.0,05A014,0.0,1.0,5.0,105.0,0.0,0.0,0.0,0.0,agriculture
3222,โฉนด,9655,1870,1429.0,05A015,0.0,0.0,53.8,53.8,0.0,0.0,0.0,0.0,agriculture
3223,โฉนด,1598,1867,45.0,05A016,0.0,2.0,16.0,216.0,0.0,0.0,0.0,0.0,agriculture
3232,โฉนด,9509,1877,6323.0,05A022,0.0,2.0,77.9,277.9,0.0,0.0,0.0,0.0,agriculture
3279,โฉนด,18746,1940,4078.0,05A040,0.0,0.0,55.2,55.2,0.0,0.0,0.0,0.0,agriculture
3280,โฉนด,18745,1939,4077.0,05A041,0.0,1.0,5.2,105.2,0.0,0.0,0.0,0.0,agriculture
3333,โฉนด,51024,2071,3954.0,05A076/004,0.0,0.0,27.8,27.8,0.0,0.0,0.0,27.8,agriculture
3351,โฉนด,20080,1826,6296.0,05A086/001,0.0,1.0,7.0,107.0,0.0,0.0,0.0,0.0,agriculture
3352,โฉนด,60335,1828,6196.0,05A086/002,0.0,1.0,0.0,100.0,0.0,0.0,0.0,0.0,agriculture
3356,โฉนด,8941,1910,1361.0,05A088,1.0,0.0,96.2,496.2,0.0,0.0,0.0,0.0,agriculture
3362,โฉนด,85140,45,9769.0,05A094,0.0,1.0,0.0,100.0,0.0,0.0,0.0,0.0,agriculture
3379,โฉนด,20089,1817,4203.0,05A111,0.0,1.0,3.0,103.0,0.0,0.0,0.0,0.0,agriculture
3386,โฉนด,20082,1824,4196.0,05A118,0.0,1.0,3.0,103.0,0.0,0.0,0.0,0.0,agriculture
3388,โฉนด,90556,2129,10155.0,05A120,1.0,0.0,13.0,413.0,0.0,0.0,0.0,0.0,agriculture
3389,โฉนด,8945,1889,1365.0,05A121,1.0,0.0,12.0,412.0,0.0,0.0,0.0,0.0,agriculture
3398,โฉนด,65905,109,6354.0,05A129/002,0.0,0.0,72.6,72.6,0.0,0.0,0.0,0.0,agriculture
3412,โฉนด,10600,1891,6046.0,05A137,0.0,1.0,57.0,157.0,0.0,0.0,0.0,0.0,agriculture
3440,โฉนด,1131,1680,1279.0,05B017,0.0,0.0,22.6,22.6,0.0,0.0,0.0,0.0,agriculture
3461,โฉนด,1168,1656,1692.0,05B027,0.0,1.0,26.0,126.0,0.0,0.0,0.0,0.0,agriculture
3462,โฉนด,1188,1653,1686.0,05B028,0.0,0.0,96.8,96.8,0.0,0.0,0.0,0.0,agriculture
3481,โฉนด,1164,1651,1290.0,05B044,0.0,3.0,24.3,324.3,324.3,0.0,0.0,0.0,agriculture
3482,โฉนด,2771,331,1885.0,05B044/001,0.0,0.0,19.2,19.2,0.0,0.0,0.0,19.2,agriculture
3483,โฉนด,19783,1648,3130.0,05B045,0.0,0.0,68.4,68.4,68.4,0.0,0.0,0.0,agriculture
3484,โฉนด,66135,2530,4169.0,05B045/001,0.0,0.0,68.5,68.5,68.5,0.0,0.0,0.0,agriculture
3485,โฉนด,1202,1649,1291.0,05B046,0.0,1.0,32.4,132.4,132.4,0.0,0.0,0.0,agriculture
3486,โฉนด,19784,1644,3131.0,05B047,0.0,0.0,24.7,24.7,103.0,0.0,0.0,0.0,agriculture
3487,โฉนด,2136,1782,1292.0,05B048,0.0,0.0,77.0,77.0,77.0,0.0,0.0,0.0,agriculture
3488,โฉนด,19785,1645,3125.0,05B049,0.0,0.0,24.7,24.7,24.7,0.0,0.0,0.0,agriculture
3489,โฉนด,2135,1646,1299.0,05B050,0.0,1.0,7.0,107.0,107.0,0.0,0.0,0.0,agriculture
3490,โฉนด,9348,1643,2393.0,05B051,1.0,0.0,5.0,405.0,385.0,20.0,0.0,0.0,agriculture
3491,โฉนด,1959,1642,1293.0,05B052,1.0,0.0,6.7,406.7,389.5,16.0,0.0,0.0,agriculture
3498,โฉนด,1014,1635,1297.0,05C004,0.0,1.0,87.1,187.1,0.0,0.0,0.0,0.0,agriculture
3517,โฉนด,1126,2038,1303.0,05C012,0.0,3.0,62.9,362.9,0.0,0.0,0.0,0.0,agriculture
3525,โฉนด,1110,2045,1319.0,05C019,0.0,0.0,76.5,76.5,0.0,0.0,0.0,0.0,agriculture
3526,โฉนด,84967,44,4735.0,05C019/001,0.0,1.0,17.6,117.6,0.0,0.0,0.0,0.0,agriculture
3528,โฉนด,84969,35,4737.0,05C019/003,0.0,0.0,68.2,68.2,0.0,0.0,0.0,0.0,agriculture
3538,โฉนด,1029,385,1325.0,05C024,0.0,1.0,12.4,112.4,0.0,0.0,0.0,0.0,agriculture
3570,โฉนด,1057,389,1313.0,05C036,0.0,1.0,93.4,193.4,0.0,0.0,0.0,0.0,agriculture
3577,โฉนด,2758,386,1322.0,05C040,4.0,2.0,83.1,1883.1,0.0,0.0,0.0,0.0,agriculture
3578,โฉนด,975,387,1712.0,05C041,0.0,1.0,44.7,144.7,0.0,0.0,0.0,0.0,agriculture
3584,โฉนด,18873,1596,5.0,05C046,0.0,1.0,0.2,100.2,0.0,0.0,0.0,0.0,agriculture
3589,โฉนด,121546,1794,6476.0,05C051/001,0.0,0.0,92.1,92.1,0.0,0.0,0.0,0.0,agriculture
3592,โฉนด,121545,115,12072.0,05C051/004,0.0,1.0,48.6,148.6,0.0,0.0,0.0,0.0,agriculture
3593,โฉนด,121544,114,12071.0,05C051/005,0.0,1.0,65.4,165.4,0.0,0.0,0.0,0.0,agriculture
3594,โฉนด,121543,1793,12070.0,05C051/006,0.0,0.0,83.1,83.1,0.0,0.0,0.0,0.0,agriculture
3595,โฉนด,121542,1792,12069.0,05C051/007,0.0,1.0,64.3,164.3,0.0,0.0,0.0,0.0,agriculture
3596,โฉนด,121541,1791,12068.0,05C051/008,0.0,1.0,21.8,121.8,0.0,0.0,0.0,0.0,agriculture
3597,โฉนด,125075,2145,12276.0,05C051/009,0.0,1.0,0.0,100.0,0.0,0.0,0.0,0.0,agriculture
3598,โฉนด,125076,2146,12277.0,05C051/010,0.0,1.0,0.0,100.0,0.0,0.0,0.0,0.0,agriculture
3599,โฉนด,125077,2754,12278.0,05C051/011,0.0,1.0,0.0,100.0,0.0,0.0,0.0,0.0,agriculture
3600,โฉนด,125078,2755,12279.0,05C051/012,0.0,1.0,0.0,100.0,0.0,0.0,0.0,0.0,agriculture
3601,โฉนด,125074,2753,12275.0,05C051/013,0.0,0.0,82.0,82.0,0.0,0.0,0.0,0.0,agriculture
3602,โฉนด,122660,2752,12168.0,05C051/014,0.0,0.0,82.0,82.0,0.0,0.0,0.0,0.0,agriculture
3604,โฉนด,131244,2164,13521.0,05C051/016,0.0,0.0,83.1,83.1,0.0,0.0,0.0,0.0,agriculture
3672,โฉนด,8888,2001,1350.0,05C059,0.0,1.0,8.0,108.0,0.0,0.0,0.0,0.0,agriculture
3695,โฉนด,10979,2033,1560.0,05C082,0.0,1.0,7.6,107.6,0.0,0.0,0.0,0.0,agriculture
3698,โฉนด,1816,2034,2.0,05C085,2.0,0.0,23.3,823.3,0.0,0.0,0.0,0.0,agriculture
3704,โฉนด,18882,1989,4089.0,05C092,0.0,0.0,92.0,92.0,0.0,0.0,0.0,0.0,agriculture
3705,โฉนด,18883,1606,6299.0,05C093,0.0,0.0,94.0,94.0,0.0,0.0,0.0,0.0,agriculture
3706,โฉนด,18884,1607,6300.0,05C094,0.0,0.0,99.0,99.0,0.0,0.0,0.0,0.0,agriculture
3767,โฉนด,1186,1893,57.0,05C156,0.0,1.0,48.0,148.0,0.0,0.0,0.0,0.0,agriculture
3768,โฉนด,2212,1898,58.0,05C160,0.0,1.0,72.4,172.4,0.0,0.0,0.0,0.0,agriculture
3770,โฉนด,128169,2153,13323.0,05C160/002,0.0,1.0,62.0,162.0,0.0,0.0,0.0,0.0,agriculture
3771,โฉนด,128168,2152,13322.0,05C160/003,0.0,1.0,62.0,162.0,0.0,0.0,0.0,0.0,agriculture
3772,โฉนด,128170,2154,13324.0,05C160/004,0.0,1.0,62.0,162.0,0.0,0.0,0.0,0.0,agriculture
3773,โฉนด,128167,2151,13321.0,05C160/005,0.0,1.0,62.0,162.0,0.0,0.0,0.0,0.0,agriculture
3775,โฉนด,128166,2150,13320.0,05C160/007,0.0,1.0,62.0,162.0,0.0,0.0,0.0,0.0,agriculture
3777,โฉนด,2745,753,1265.0,05D001,12.0,1.0,5.4,4905.4,0.0,0.0,0.0,0.0,agriculture
3778,โฉนด,2335,1690,1249.0,05D002,0.0,0.0,66.6,66.6,0.0,0.0,0.0,0.0,agriculture
3781,โฉนด,1877,761,1251.0,05D004,0.0,0.0,38.3,38.3,0.0,0.0,0.0,0.0,agriculture
3855,โฉนด,1071,1729,1240.0,05E011,0.0,0.0,80.8,80.8,0.0,0.0,0.0,0.0,agriculture
3867,โฉนด,1292,231,1664.0,05E019,12.0,2.0,22.5,5022.5,0.0,0.0,0.0,0.0,agriculture
3868,โฉนด,2361,1699,1786.0,05E020,0.0,0.0,44.3,44.3,0.0,0.0,0.0,0.0,agriculture
3872,โฉนด,148539,2794,6610.0,05E020/004,0.0,0.0,32.4,32.4,0.0,0.0,0.0,0.0,agriculture
3891,โฉนด,1626,569,1682.0,05E032,0.0,3.0,44.2,344.2,0.0,0.0,0.0,0.0,agriculture
3912,โฉนด,2934,577,1986.0,05E049,0.0,1.0,99.2,199.2,0.0,0.0,0.0,0.0,agriculture
3923,โฉนด,2388,584,1811.0,05E061,0.0,3.0,78.5,378.5,0.0,0.0,0.0,0.0,agriculture
3936,โฉนด,2383,224,1806.0,05E072,0.0,3.0,21.3,321.3,0.0,0.0,0.0,0.0,agriculture
3940,โฉนด,18845,1737,3050.0,05E075,0.0,0.0,71.4,71.4,0.0,0.0,0.0,0.0,agriculture
3942,โฉนด,136936,2787,6131.0,05E075/002,0.0,0.0,50.0,50.0,0.0,0.0,0.0,0.0,agriculture
3975,โฉนด,11582,1751,2911.0,05F016,0.0,0.0,90.6,90.6,0.0,0.0,0.0,0.0,agriculture
3991,โฉนด,11598,268,2927.0,05F032,0.0,1.0,6.7,106.7,0.0,0.0,0.0,0.0,agriculture
4004,โฉนด,11610,256,2939.0,05F044,0.0,1.0,11.4,111.4,0.0,0.0,0.0,0.0,agriculture
4005,โฉนด,11611,255,2940.0,05F045,0.0,1.0,11.4,111.4,0.0,0.0,0.0,0.0,agriculture
4012,โฉนด,11618,288,2947.0,05F052,0.0,1.0,5.0,105.0,0.0,0.0,0.0,0.0,agriculture
4017,โฉนด,11623,294,2952.0,05F057,0.0,1.0,11.0,111.0,0.0,0.0,0.0,0.0,agriculture
4026,โฉนด,11632,301,2961.0,05F066,0.0,1.0,7.0,107.0,0.0,0.0,0.0,0.0,agriculture
4113,โฉนด,2783,1632,1891.0,05G031,0.0,1.0,1.1,101.1,0.0,0.0,0.0,0.0,agriculture
4115,โฉนด,2787,340,1895.0,05G033,0.0,1.0,22.5,122.5,0.0,0.0,0.0,0.0,agriculture
4121,โฉนด,2788,341,1896.0,05G037,0.0,2.0,20.8,220.8,0.0,0.0,0.0,0.0,agriculture
4138,โฉนด,2779,367,1887.0,05G044,0.0,3.0,99.5,399.5,0.0,0.0,0.0,0.0,agriculture
4150,โฉนด,2794,360,1902.0,05G051,0.0,1.0,35.6,135.6,0.0,0.0,0.0,0.0,agriculture
4168,โฉนด,2799,351,1907.0,05G059,0.0,2.0,0.4,200.4,0.0,0.0,0.0,0.0,agriculture
4169,โฉนด,1236,417,1602.0,05G060,19.0,1.0,79.8,7779.8,0.0,0.0,0.0,0.0,agriculture
4190,โฉนด,1222,449,1607.0,05G066,0.0,1.0,59.4,159.4,0.0,0.0,0.0,0.0,agriculture
4266,โฉนด,2423,478,1826.0,05h024,0.0,0.0,70.5,70.5,0.0,0.0,0.0,0.0,agriculture
4267,โฉนด,405,477,702.0,05h025,0.0,0.0,62.7,62.7,0.0,0.0,0.0,0.0,agriculture
4280,โฉนด,71039,1,4365.0,05h037/001,0.0,1.0,13.9,113.9,0.0,0.0,0.0,0.0,agriculture
4286,โฉนด,63194,52,4112.0,05h040/001,0.0,0.0,69.5,69.5,0.0,69.5,0.0,0.0,agriculture
4293,โฉนด,2273,1298,716.0,05h046,0.0,0.0,28.6,28.6,0.0,0.0,0.0,0.0,agriculture
4298,โฉนด,30540,234,3719.0,05I001/001,0.0,1.0,2.6,102.6,0.0,0.0,0.0,0.0,agriculture
4306,โฉนด,33818,249,3759.0,05I001/009,0.0,2.0,53.0,253.0,0.0,0.0,0.0,0.0,agriculture
4316,โฉนด,33820,246,3760.0,05I001/019,0.0,2.0,0.0,200.0,0.0,0.0,200.0,0.0,agriculture
4318,โฉนด,61764,4,4096.0,05I001/021,0.0,1.0,37.8,137.8,0.0,0.0,0.0,0.0,agriculture
4321,โฉนด,152290,455,6838.0,05I00/024,0.0,0.0,75.6,75.6,0.0,0.0,0.0,0.0,agriculture
4322,โฉนด,152289,454,6837.0,05I001/025,0.0,0.0,75.6,75.6,0.0,0.0,0.0,0.0,agriculture
4323,โฉนด,152288,453,6836.0,05I001/026,0.0,0.0,72.5,72.5,0.0,0.0,0.0,0.0,agriculture
4324,โฉนด,1285,253,1656.0,05I002,10.0,0.0,50.1,4050.1,0.0,0.0,0.0,0.0,agriculture
4325,โฉนด,1282,599,1655.0,05I003,4.0,3.0,56.7,1956.7,0.0,0.0,0.0,0.0,agriculture
4337,โฉนด,7497,1056,2139.0,05I018,0.0,3.0,92.8,392.8,0.0,0.0,0.0,0.0,agriculture
4342,โฉนด,7470,608,2112.0,05I026,0.0,0.0,82.0,82.0,0.0,0.0,0.0,0.0,agriculture
4343,โฉนด,7469,609,2111.0,05I027,0.0,0.0,79.2,79.2,0.0,0.0,0.0,0.0,agriculture
4358,โฉนด,66588,2638,4205.0,05I040/004,0.0,1.0,14.3,114.3,0.0,0.0,0.0,0.0,agriculture
4359,โฉนด,66587,2637,4204.0,05I040/005,0.0,0.0,13.5,13.5,0.0,0.0,0.0,0.0,agriculture
4360,โฉนด,1298,614,1649.0,05I041,0.0,0.0,62.3,62.3,0.0,0.0,0.0,0.0,agriculture
4361,โฉนด,140851,784,6333.0,05I041/001,1.0,1.0,52.8,552.8,0.0,0.0,0.0,0.0,agriculture
4362,โฉนด,140850,2904,6332.0,05I041/002,1.0,0.0,7.0,407.0,0.0,0.0,0.0,0.0,agriculture
4489,โฉนด,115134,13,5080.0,05J008/001,3.0,0.0,87.5,1287.5,0.0,0.0,0.0,0.0,agriculture
4490,โฉนด,115135,14,5081.0,05J008/002,3.0,0.0,87.0,1287.0,0.0,0.0,0.0,0.0,agriculture
4491,โฉนด,115136,46,5082.0,05J008/003,3.0,0.0,87.0,1287.0,0.0,0.0,0.0,0.0,agriculture
4493,โฉนด,149346,449,6659.0,05J009/001,0.0,0.0,18.1,18.1,0.0,0.0,0.0,0.0,agriculture
4494,โฉนด,1312,347,1659.0,05J010,5.0,1.0,96.8,2196.8,0.0,0.0,0.0,0.0,agriculture
4497,โฉนด,130148,382,5482.0,05J011/002,0.0,1.0,21.1,121.1,0.0,0.0,0.0,0.0,agriculture
4559,โฉนด,30842,1290,3730.0,05J014/005,0.0,0.0,17.0,17.0,0.0,0.0,0.0,17.0,agriculture
4643,โฉนด,25239,1101,3222.0,05K014,0.0,1.0,0.2,100.2,0.0,0.0,0.0,0.0,agriculture
4644,โฉนด,25240,1102,3223.0,05K015,0.0,1.0,0.3,100.3,0.0,0.0,0.0,0.0,agriculture
4646,โฉนด,1443,1104,1650.0,05K018,0.0,2.0,98.4,298.4,0.0,0.0,0.0,0.0,agriculture
4649,โฉนด,141923,2907,6467.0,05K018/003,0.0,0.0,19.7,19.7,0.0,0.0,0.0,0.0,agriculture
4679,โฉนด,7130,1128,2097.0,05L001,0.0,1.0,20.0,120.0,0.0,0.0,0.0,0.0,agriculture
4719,โฉนด,27929,625,3636.0,05L039/002,0.0,1.0,21.1,121.1,0.0,0.0,0.0,0.0,agriculture
4725,โฉนด,27923,1156,3630.0,05L039/008,1.0,0.0,6.6,406.6,0.0,0.0,0.0,0.0,agriculture
4739,โฉนด,29683,634,3669.0,05L040/004,0.0,1.0,50.3,150.3,0.0,0.0,0.0,0.0,agriculture
4741,โฉนด,29681,636,3667.0,05L040/006,0.0,1.0,18.3,118.3,0.0,0.0,0.0,0.0,agriculture
4757,โฉนด,29667,1933,3653.0,05L040/022,0.0,0.0,71.2,71.2,0.0,0.0,0.0,0.0,agriculture
4758,โฉนด,145222,2909,6539.0,05L040/023,0.0,0.0,39.0,39.0,0.0,0.0,0.0,0.0,agriculture
4762,โฉนด,1242,1172,1643.0,05L043,0.0,0.0,49.6,49.6,0.0,0.0,0.0,0.0,agriculture
4794,โฉนด,59533,617,3977.0,05L064,0.0,1.0,71.8,171.8,0.0,0.0,0.0,0.0,agriculture
4795,โฉนด,87619,19,4799.0,05L064/001,0.0,1.0,0.0,100.0,0.0,0.0,0.0,0.0,agriculture
4796,โฉนด,59532,620,3976.0,05L065,0.0,2.0,70.9,270.9,0.0,0.0,0.0,0.0,agriculture
4797,โฉนด,59534,616,3978.0,05L066,0.0,3.0,68.2,368.2,0.0,0.0,0.0,0.0,agriculture
4798,โฉนด,29512,621,3620.0,05L067,0.0,2.0,71.0,271.0,0.0,0.0,0.0,0.0,agriculture
4802,โฉนด,27504,747,731.0,05L071,0.0,1.0,50.9,150.9,0.0,0.0,0.0,0.0,agriculture
4803,โฉนด,27503,646,732.0,05L073,3.0,3.0,35.5,1535.5,0.0,0.0,0.0,0.0,agriculture
4805,โฉนด,45018,750,1006.0,05L075,0.0,1.0,0.0,100.0,0.0,0.0,0.0,0.0,agriculture
4807,โฉนด,45065,652,964.0,05L077,0.0,1.0,11.3,111.3,0.0,0.0,0.0,0.0,agriculture
4873,โฉนด,45079,751,1002.0,05L143,0.0,1.0,3.0,103.0,0.0,0.0,0.0,0.0,agriculture
4877,โฉนด,45105,761,966.0,05L147,0.0,1.0,0.2,100.2,0.0,0.0,0.0,0.0,agriculture
4925,โฉนด,45020,789,988.0,05L187,0.0,1.0,0.4,100.4,0.0,0.0,0.0,0.0,agriculture
4926,โฉนด,45021,792,989.0,05L188,0.0,1.0,0.2,100.2,0.0,0.0,0.0,0.0,agriculture
4977,โฉนด,9555,1523,6311.0,05m005,0.0,0.0,86.0,86.0,0.0,0.0,0.0,0.0,agriculture
4981,โฉนด,133802,2774,13725.0,05m008/002,0.0,3.0,59.3,359.3,0.0,0.0,0.0,0.0,agriculture
4983,โฉนด,68158,2688,7186.0,05m009/002,0.0,1.0,76.4,176.4,0.0,0.0,0.0,0.0,agriculture
4984,โฉนด,68157,2687,7185.0,05m009/003,0.0,1.0,76.4,176.4,0.0,0.0,0.0,0.0,agriculture
4988,โฉนด,75630,20,6497.0,05m011/001,0.0,0.0,84.0,84.0,0.0,0.0,0.0,0.0,agriculture
4991,โฉนด,75627,17,6483.0,05m011/004,0.0,1.0,68.3,168.3,0.0,0.0,0.0,0.0,agriculture
4992,โฉนด,75626,16,6479.0,05m011/005,0.0,1.0,52.2,152.2,0.0,0.0,0.0,0.0,agriculture
4993,โฉนด,75625,15,6480.0,05m011/006,0.0,1.0,93.5,193.5,0.0,0.0,0.0,0.0,agriculture
5029,โฉนด,89763,2741,10137.0,05m014/001,0.0,1.0,55.0,155.0,0.0,0.0,0.0,0.0,agriculture
5053,โฉนด,85004,66,9742.0,05m016/015,0.0,1.0,15.0,115.0,0.0,0.0,0.0,0.0,agriculture
5082,โฉนด,9546,1531,1401.0,05m023,0.0,0.0,91.6,91.6,0.0,0.0,0.0,0.0,agriculture
5083,โฉนด,9547,1530,1402.0,05m024,0.0,0.0,97.7,97.7,0.0,0.0,0.0,0.0,agriculture
5089,โฉนด,9560,1535,1415.0,05m031,0.0,0.0,94.9,94.9,0.0,0.0,0.0,0.0,agriculture
5097,โฉนด,9566,1539,1421.0,05m038,0.0,0.0,96.1,96.1,0.0,0.0,0.0,0.0,agriculture
5106,โฉนด,10094,1550,1435.0,05m047,3.0,0.0,8.0,1208.0,0.0,0.0,0.0,0.0,agriculture
5113,โฉนด,91063,5,10278.0,05N007,0.0,0.0,68.0,68.0,0.0,0.0,0.0,0.0,agriculture
5114,โฉนด,91062,4,10277.0,05N008,0.0,0.0,83.0,83.0,0.0,0.0,0.0,0.0,agriculture
5115,โฉนด,91061,3,10276.0,05N009,0.0,0.0,83.0,83.0,0.0,0.0,0.0,0.0,agriculture
5121,โฉนด,1950,956,443.0,05N015,0.0,3.0,69.0,369.0,0.0,0.0,0.0,0.0,agriculture
5123,โฉนด,2587,1834,341.0,05N017,0.0,2.0,5.0,205.0,0.0,0.0,0.0,0.0,agriculture
5127,โฉนด,36212,917,5913.0,05N021,0.0,1.0,0.9,100.9,0.0,0.0,0.0,0.0,agriculture
5130,โฉนด,24274,920,4331.0,05N024,0.0,1.0,12.0,112.0,0.0,0.0,0.0,0.0,agriculture
5158,โฉนด,20105,1807,4219.0,05N050,0.0,1.0,1.0,101.0,0.0,0.0,0.0,0.0,agriculture
5159,โฉนด,20104,1808,4218.0,05N051,0.0,1.0,1.0,101.0,0.0,0.0,0.0,0.0,agriculture
5173,โฉนด,2763,1424,898.0,06A001,0.0,0.0,89.6,89.6,0.0,0.0,0.0,0.0,agriculture
5209,โฉนด,34516,1446,3742.0,06A024/001,0.0,0.0,3.4,3.4,0.0,0.0,0.0,0.0,agriculture
5230,โฉนด,33675,1145,3749.0,06A032/009,0.0,0.0,20.0,20.0,0.0,0.0,0.0,0.0,agriculture
5260,โฉนด,9462,1408,2398.0,06A052,0.0,1.0,56.6,156.6,0.0,0.0,0.0,0.0,agriculture
5281,โฉนด,130954,2806,5511.0,06A062/003,0.0,0.0,38.4,38.4,0.0,0.0,0.0,0.0,agriculture
5297,โฉนด,487,1380,842.0,06A076,0.0,0.0,12.1,12.1,0.0,0.0,0.0,0.0,agriculture
5300,โฉนด,93966,44,4904.0,06A078/002,0.0,0.0,58.6,58.6,0.0,0.0,0.0,0.0,agriculture
5330,โฉนด,75218,7,4451.0,06A092/003,0.0,0.0,39.8,39.8,0.0,0.0,0.0,0.0,agriculture
5331,โฉนด,75219,8,4452.0,06A092/004,0.0,0.0,40.0,40.0,0.0,0.0,0.0,0.0,agriculture
5338,โฉนด,77864,2762,4508.0,06A094/002,0.0,1.0,5.0,105.0,0.0,0.0,0.0,0.0,agriculture
5358,โฉนด,103122,45,5028.0,06B012/003,0.0,0.0,25.2,25.2,0.0,0.0,0.0,0.0,agriculture
5359,โฉนด,103121,44,5027.0,06B012/004,0.0,0.0,25.2,25.2,0.0,0.0,0.0,0.0,agriculture
5361,โฉนด,131804,286,5527.0,06B012/006,0.0,0.0,28.2,28.2,0.0,0.0,0.0,0.0,agriculture
5390,โฉนด,14048,1706,3002.0,06B038,0.0,0.0,91.6,91.6,0.0,0.0,0.0,0.0,agriculture
5427,โฉนด,3140,1731,2024.0,06B064/001,0.0,0.0,70.4,70.4,0.0,0.0,0.0,0.0,agriculture
5429,โฉนด,ลr.277,-,-,06B066,0.0,3.0,48.0,348.0,0.0,0.0,0.0,0.0,agriculture
5476,โฉนด,1099,1250,923.0,06C020,0.0,1.0,73.0,173.0,0.0,0.0,0.0,0.0,agriculture
5481,โฉนด,20916,1239,3143.0,06C025,0.0,1.0,11.6,111.6,0.0,0.0,0.0,0.0,agriculture
5482,โฉนด,20915,1238,3142.0,06C026,0.0,1.0,25.3,125.3,0.0,0.0,0.0,0.0,agriculture
5498,โฉนด,29272,1208,3603.0,06C037,0.0,0.0,19.8,19.8,0.0,0.0,0.0,0.0,agriculture
5563,โฉนด,8010,1469,2284.0,06D003,0.0,2.0,9.3,209.3,0.0,0.0,0.0,0.0,agriculture
5564,โฉนด,8009,1470,2283.0,06D004,0.0,1.0,79.2,179.2,0.0,0.0,0.0,0.0,agriculture
5565,โฉนด,8008,1471,2282.0,06D005,0.0,2.0,14.1,214.1,0.0,0.0,0.0,0.0,agriculture
5570,โฉนด,115147,1535,5084.0,06D008/003,0.0,1.0,14.3,114.3,0.0,0.0,0.0,0.0,agriculture
5571,โฉนด,115148,1536,5085.0,06D008/004,0.0,1.0,55.5,155.5,0.0,0.0,0.0,0.0,agriculture
5575,โฉนด,8005,1473,2279.0,06D013/001,0.0,2.0,15.0,215.0,0.0,0.0,0.0,0.0,agriculture
5576,โฉนด,8002,1478,2276.0,06D013/002,0.0,1.0,22.9,122.9,0.0,0.0,0.0,0.0,agriculture
5577,โฉนด,8006,1474,2280.0,06D013/003,0.0,1.0,22.9,122.9,0.0,0.0,0.0,0.0,agriculture
5583,โฉนด,7995,1485,2269.0,06D023,0.0,1.0,31.6,131.6,0.0,0.0,0.0,0.0,agriculture
5598,โฉนด,66226,209,4185.0,06D030/001,0.0,0.0,87.5,87.5,0.0,0.0,0.0,0.0,agriculture
5611,โฉนด,7984,1493,2258.0,06D039,0.0,0.0,70.9,70.9,0.0,0.0,0.0,0.0,agriculture
5642,โฉนด,7971,1511,2245.0,06D052,0.0,1.0,19.2,119.2,0.0,0.0,0.0,0.0,agriculture
5652,โฉนด,8078,1522,2310.0,06D060,0.0,2.0,33.5,233.5,0.0,0.0,0.0,0.0,agriculture
5657,โฉนด,8073,1524,2305.0,06D065,0.0,0.0,31.4,31.4,0.0,0.0,0.0,0.0,agriculture
5663,โฉนด,82333,23,4654.0,06D070/001,0.0,0.0,24.0,24.0,0.0,0.0,0.0,0.0,agriculture
5664,โฉนด,82332,22,4653.0,06D070/002,0.0,0.0,24.0,24.0,0.0,0.0,0.0,0.0,agriculture
5665,โฉนด,82331,21,4652.0,06D070/003,0.0,0.0,24.0,24.0,0.0,0.0,0.0,0.0,agriculture
5666,โฉนด,82330,20,4651.0,06D070/004,0.0,0.0,24.0,24.0,0.0,0.0,0.0,0.0,agriculture
5667,โฉนด,82337,27,4658.0,06D070/005,0.0,0.0,24.0,24.0,0.0,0.0,0.0,0.0,agriculture
5668,โฉนด,82336,26,4657.0,06D070/006,0.0,0.0,24.0,24.0,0.0,0.0,0.0,0.0,agriculture
5669,โฉนด,82335,25,4656.0,06D070/007,0.0,0.0,24.0,24.0,0.0,0.0,0.0,0.0,agriculture
5670,โฉนด,82334,24,4655.0,06D070/008,0.0,0.0,24.0,24.0,0.0,0.0,0.0,0.0,agriculture
5672,โฉนด,124879,2775,5324.0,06D071/001,0.0,0.0,96.1,96.1,0.0,0.0,0.0,0.0,agriculture
5673,โฉนด,124880,2776,5325.0,06D071/002,0.0,0.0,96.0,96.0,0.0,0.0,0.0,0.0,agriculture
5674,โฉนด,124881,2777,5326.0,06D071/003,0.0,0.0,48.0,48.0,0.0,0.0,0.0,0.0,agriculture
5678,โฉนด,124849,2742,5312.0,06D072/001,0.0,0.0,45.4,45.4,0.0,0.0,0.0,0.0,agriculture
5721,โฉนด,7949,2135,2223.0,06D082,0.0,0.0,81.4,81.4,0.0,0.0,0.0,0.0,agriculture
5722,โฉนด,7948,2136,2222.0,06D083,0.0,0.0,98.2,98.2,0.0,0.0,0.0,0.0,agriculture
5753,โฉนด,8065,1527,2297.0,06D092,0.0,1.0,44.6,144.6,0.0,0.0,0.0,0.0,agriculture
5768,โฉนด,7938,2155,2212.0,06D101,0.0,1.0,20.9,120.9,0.0,0.0,0.0,0.0,agriculture
5770,โฉนด,7936,2151,2210.0,06D103,0.0,1.0,45.0,145.0,0.0,0.0,0.0,0.0,agriculture
5771,โฉนด,7935,2148,2209.0,06D104,0.0,1.0,45.0,145.0,0.0,0.0,0.0,0.0,agriculture
5777,โฉนด,7930,2166,2204.0,06D109,0.0,1.0,20.0,120.0,0.0,0.0,0.0,0.0,agriculture
5779,โฉนด,7928,2162,2202.0,06D111,0.0,1.0,19.9,119.9,0.0,0.0,0.0,0.0,agriculture
5780,โฉนด,7927,2161,2201.0,06D112,0.0,1.0,19.8,119.8,0.0,0.0,0.0,0.0,agriculture
5801,โฉนด,7918,2173,2192.0,06D125,0.0,1.0,43.6,143.6,0.0,0.0,0.0,0.0,agriculture
5806,โฉนด,7913,2178,2187.0,06D130,0.0,1.0,20.0,120.0,0.0,0.0,0.0,0.0,agriculture
5825,โฉนด,1801,1530,812.0,06E002,0.0,0.0,80.8,80.8,0.0,0.0,0.0,0.0,agriculture
5883,โฉนด,14098,2302,2899.0,06E014,0.0,0.0,80.7,80.7,0.0,0.0,0.0,0.0,agriculture
5889,โฉนด,82060,7,4620.0,06E019/001,0.0,0.0,57.1,57.1,0.0,0.0,0.0,0.0,agriculture
5890,โฉนด,469,2316,819.0,06E020,0.0,0.0,99.4,99.4,0.0,0.0,0.0,0.0,agriculture
5891,โฉนด,82061,2392,4617.0,06E020/002,0.0,0.0,38.0,38.0,0.0,0.0,0.0,0.0,agriculture
5909,โฉนด,561,1749,1699.0,06E034,0.0,0.0,8.8,8.8,0.0,0.0,0.0,0.0,agriculture
5910,โฉนด,459,1750,824.0,06E035,0.0,1.0,1.4,101.4,0.0,0.0,0.0,0.0,agriculture
6018,โฉนด,27039,2321,3497.0,06F005/005,0.0,0.0,49.5,49.5,0.0,0.0,0.0,0.0,agriculture
6027,โฉนด,606,2327,765.0,06F013,0.0,1.0,82.6,182.6,0.0,0.0,0.0,0.0,agriculture
6041,โฉนด,828,2328,767.0,06F025,0.0,2.0,50.4,250.4,0.0,0.0,0.0,0.0,agriculture
6047,โฉนด,821,2344,768.0,06F032,0.0,1.0,94.3,194.3,0.0,0.0,0.0,0.0,agriculture
6051,โฉนด,113850,29,5061.0,06F034/003,0.0,0.0,87.8,87.8,0.0,0.0,0.0,0.0,agriculture
6070,โฉนด,25699,2354,3369.0,06F046/002,0.0,1.0,44.9,144.9,0.0,0.0,0.0,0.0,agriculture
6071,โฉนด,25700,2355,3370.0,06F046/003,0.0,1.0,25.3,125.3,0.0,0.0,0.0,0.0,agriculture
6073,โฉนด,25701,2356,3371.0,06F046/005,0.0,0.0,81.2,81.2,0.0,0.0,0.0,0.0,agriculture
6083,โฉนด,100054,33,4996.0,06F048/006,0.0,0.0,61.7,61.7,0.0,0.0,0.0,0.0,agriculture
6109,โฉนด,89037,21,4805.0,06G002/020,0.0,2.0,1.0,201.0,0.0,0.0,0.0,0.0,agriculture
6122,โฉนด,85601,2735,4712.0,06G002/036,0.0,1.0,0.0,100.0,0.0,0.0,0.0,0.0,agriculture
6123,โฉนด,85603,2734,4711.0,06G002/037,0.0,1.0,0.0,100.0,0.0,0.0,0.0,0.0,agriculture
6144,โฉนด,106894,27,5039.0,06G003/002,0.0,0.0,59.5,59.5,0.0,0.0,0.0,0.0,agriculture
6176,โฉนด,11482,1965,2833.0,06G018,0.0,2.0,0.3,200.3,0.0,0.0,0.0,0.0,agriculture
6177,โฉนด,100058,22,4989.0,06G018/001,0.0,1.0,69.2,169.2,0.0,0.0,0.0,0.0,agriculture
6181,โฉนด,11489,2224,2840.0,06G022,0.0,1.0,19.4,119.4,0.0,0.0,0.0,0.0,agriculture
6182,โฉนด,11484,1964,2835.0,06G023,0.0,1.0,19.6,119.6,0.0,0.0,0.0,0.0,agriculture
6194,โฉนด,11492,2227,2843.0,06G030,0.0,1.0,19.8,119.8,0.0,0.0,0.0,0.0,agriculture
6195,โฉนด,11494,2228,2845.0,06G031,0.0,1.0,19.8,119.8,0.0,0.0,0.0,0.0,agriculture
6196,โฉนด,11496,2231,2847.0,06G032,0.0,1.0,19.8,119.8,0.0,0.0,0.0,0.0,agriculture
6199,โฉนด,11500,2235,2851.0,06G035,0.0,1.0,19.6,119.6,0.0,0.0,0.0,0.0,agriculture
6210,โฉนด,11506,2241,2857.0,06G038,0.0,1.0,43.6,143.6,0.0,0.0,0.0,0.0,agriculture
6227,โฉนด,11509,2243,2860.0,06G045,0.0,2.0,17.2,217.2,0.0,0.0,0.0,0.0,agriculture
6241,โฉนด,11511,2271,2862.0,06G047,0.0,1.0,19.6,119.6,0.0,0.0,0.0,0.0,agriculture
6242,โฉนด,11513,2270,2864.0,06G048,0.0,1.0,19.4,119.4,0.0,0.0,0.0,0.0,agriculture
6243,โฉนด,11515,2269,2866.0,06G049,0.0,1.0,19.6,119.6,0.0,0.0,0.0,0.0,agriculture
6244,โฉนด,11512,2272,2863.0,06G050,0.0,1.0,19.6,119.6,0.0,0.0,0.0,0.0,agriculture
6245,โฉนด,11514,2273,2865.0,06G051,0.0,1.0,19.6,119.6,0.0,0.0,0.0,0.0,agriculture
6246,โฉนด,11516,2268,2867.0,06G052,0.0,1.0,20.0,120.0,0.0,0.0,0.0,0.0,agriculture
6268,โฉนด,19027,62,3064.0,06h001/001,0.0,0.0,88.8,88.8,0.0,0.0,0.0,0.0,agriculture
6271,โฉนด,9510,2254,2402.0,06h004,1.0,1.0,77.0,577.0,0.0,0.0,0.0,0.0,agriculture
6272,โฉนด,69500,2774,4339.0,06h005,15.0,3.0,30.6,6330.6,0.0,0.0,0.0,0.0,agriculture
6273,โฉนด,-,-,-,06h005/001,38.0,3.0,2.9,15502.9,0.0,0.0,0.0,0.0,agriculture
6296,โฉนด,66286,203,4123.0,06I008,0.0,0.0,29.8,29.8,0.0,0.0,0.0,0.0,agriculture
6297,โฉนด,66283,200,4120.0,06I008/001,0.0,0.0,63.0,63.0,0.0,0.0,0.0,0.0,agriculture
6324,โฉนด,14542,2370,3018.0,06I016,0.0,2.0,52.1,252.1,0.0,0.0,0.0,0.0,agriculture
6329,โฉนด,25165,2385,3227.0,06I019,0.0,2.0,20.0,220.0,0.0,0.0,0.0,0.0,agriculture
6331,โฉนด,25167,2387,3229.0,06I021,0.0,2.0,18.6,218.6,0.0,0.0,0.0,0.0,agriculture
6332,โฉนด,25168,2388,3230.0,06I022,0.0,2.0,18.1,218.1,0.0,0.0,0.0,0.0,agriculture
6333,โฉนด,25169,2389,3231.0,06I023,0.0,2.0,20.4,220.4,0.0,0.0,0.0,0.0,agriculture
6336,โฉนด,122705,2743,5249.0,06I025/001,0.0,0.0,39.0,39.0,0.0,0.0,0.0,0.0,agriculture
6338,โฉนด,122704,2742,5248.0,06I025/004,0.0,0.0,44.0,44.0,0.0,0.0,0.0,0.0,agriculture
6340,โฉนด,108032,27,5049.0,06I026/001,2.0,3.0,0.0,1100.0,0.0,0.0,0.0,0.0,agriculture
6357,โฉนด,11418,1950,2769.0,06J010,0.0,0.0,59.5,59.5,0.0,0.0,0.0,0.0,agriculture
6400,โฉนด,11446,1995,2797.0,06J034,0.0,1.0,20.0,120.0,0.0,0.0,0.0,0.0,agriculture
6401,โฉนด,11448,1996,2799.0,06J035,0.0,1.0,20.0,120.0,0.0,0.0,0.0,0.0,agriculture
6407,โฉนด,11443,1990,2794.0,06J041,0.0,1.0,19.8,119.8,0.0,0.0,0.0,0.0,agriculture
6408,โฉนด,11445,1993,2796.0,06J042,0.0,1.0,19.8,119.8,0.0,0.0,0.0,0.0,agriculture
6411,โฉนด,11451,1998,2802.0,06J045,0.0,1.0,20.0,120.0,0.0,0.0,0.0,0.0,agriculture
6412,โฉนด,11453,2001,2804.0,06J046,0.0,1.0,19.8,119.8,0.0,0.0,0.0,0.0,agriculture
6433,โฉนด,24508,2045,3250.0,06J070,0.0,1.0,98.0,198.0,0.0,0.0,0.0,0.0,agriculture
6434,โฉนด,24507,2046,3249.0,06J071,0.0,1.0,97.8,197.8,0.0,0.0,0.0,0.0,agriculture
6444,โฉนด,28924,2056,3576.0,06J079,0.0,1.0,34.3,134.3,0.0,0.0,0.0,0.0,agriculture
6451,โฉนด,28927,2059,3579.0,06J086,0.0,0.0,93.0,93.0,0.0,0.0,0.0,0.0,agriculture
6457,โฉนด,29028,2076,3583.0,06J091,0.0,1.0,0.5,100.5,0.0,0.0,0.0,0.0,agriculture
6483,โฉนด,130392,2762,5490.0,06K001/014,0.0,1.0,43.5,143.5,0.0,0.0,0.0,0.0,agriculture
6485,โฉนด,130393,2097,5491.0,06K001/016,2.0,3.0,35.9,1135.9,0.0,0.0,0.0,0.0,agriculture
6505,โฉนด,24528,2015,3270.0,06K005,0.0,2.0,1.8,201.8,0.0,0.0,0.0,0.0,agriculture
6518,โฉนด,134218,2117,5969.0,06K011/001,0.0,0.0,81.0,81.0,0.0,0.0,0.0,0.0,agriculture
6555,โฉนด,24516,2283,3258.0,06K028,0.0,3.0,76.6,376.6,0.0,0.0,0.0,0.0,agriculture
6563,โฉนด,27601,104,3507.0,06K037,0.0,0.0,29.6,29.6,0.0,0.0,0.0,0.0,agriculture
6568,โฉนด,27106,98,723.0,06K067,0.0,0.0,50.3,50.3,0.0,0.0,0.0,0.0,agriculture
6570,โฉนด,27112,102,719.0,06K071,0.0,1.0,25.4,125.4,0.0,0.0,0.0,0.0,agriculture
6572,โฉนด,27110,112,727.0,06K076,0.0,1.0,0.7,100.7,0.0,0.0,0.0,0.0,agriculture
6573,โฉนด,27599,113,791.0,06K077,0.0,0.0,50.4,50.4,0.0,0.0,0.0,0.0,agriculture
6574,โฉนด,27109,114,726.0,06K078,0.0,0.0,50.3,50.3,0.0,0.0,0.0,0.0,agriculture
6581,โฉนด,121202,352,8415.0,06K085,0.0,0.0,65.8,65.8,0.0,0.0,0.0,0.0,agriculture
6584,โฉนด,-,-,-,06L016,8.0,1.0,25.0,3325.0,0.0,0.0,0.0,0.0,agriculture
