order,type,document_number,parcel_number,sub_district_no,location_id,rai,ngan,tarang_wa,usage_agriculture,usage_living,usage_other,usage_none,usage_misc
1,โฉนด,1526,896,1475,03A001,0,1,69.8,,,139.80,,
2,โฉนด,1722,897,1476,03A002,0,0,50,50.0,,,,
3,โฉนด,1968,898,1506,03A003,0,0,53,,,53.00,,
4,โฉนด,4043,899,2031,03A004,0,0,82,,82.00,,,
5,โฉนด,1578,901,1477,03A005,0,0,81.8,,81.80,,,
6,โฉนด,2268,900,1478,03A006,0,0,98.5,,,98.50,,
7,โฉนด,1511,902,1479,03A007,0,0,69.8,,,69.80,,
8,โฉนด,1663,903,1480,03A008,0,1,11.7,,,111.70,,
9,โฉนด,1771,904,1481,03A009,0,1,95.6,,195.60,,,
10,โฉนด,2309,905,1483,03A010,0,3,63.6,,,363.60,,
11,โฉนด,1505,907,1484,03A011,1,0,8.5,,,408.50,,
12,โฉนด,2619,906,1482,03A012,1,1,7.1,,,507.10,,
13,โฉนด,1278,908,1485,03A013,0,2,12.1,,,212.10,,
14,โฉนด,2308,912,1486,03A014,0,1,9.7,,,109.70,,
15,โฉนด,1341,909,1693,03A016,1,2,47.1,,624.10,23.00,,
16,โฉนด,49940,910,3911,03A016/001,0,2,47.1,,,,247.10,
17,โฉนด,1774,911,1487,03A017,0,2,26.3,,226.30,,,
18,โฉนด,1345,914,1488,03A018,0,2,20.3,,220.30,,,
19,โฉนด,18775,915,3048,03A019,0,0,87.1,,87.10,,,
20,โฉนด,136258,986,6107,03A019/001,0,0,7.7,,7.70,,,
21,โฉนด,2350,917,902,03A020,1,0,23.7,,,423.70,,
22,โฉนด,1828,918,1582,03A021,1,1,10,,,510.00,,
23,โฉนด,2007,916,1489,03A022,0,3,23.7,,,323.70,,
24,โฉนด,2721,919,1490,03A023,0,3,37,,,337.00,,
25,โฉนด,2708,968,1680,03A024,0,1,83.1,,167.40,15.75,,
26,โฉนด,1319,969,1524,03A025,0,1,36.1,,,136.10,,
27,โฉนด,1667,920,1583,03A026,8,1,37.9,,,,3379.90,
28,โฉนด,1037,931,5390,03A027,2,1,19.4,,,,,
29,โฉนด,1093,929,1492,03A028,0,2,16.9,,,216.90,,
30,โฉนด,2687,930,1858,03A029,0,1,95.9,,195.90,,,
31,โฉนด,1647,928,1493,03A030,0,2,12.5,,212.50,,,
32,โฉนด,1293,927,1494,03A031,0,0,31.4,,31.40,,,
33,โฉนด,140944,993,6341,03A031/001,0,0,49,,49.00,,,
34,โฉนด,140943,992,6340,03A031/002,0,0,24.5,,24.50,,,
35,โฉนด,140942,991,6339,03A031/003,0,0,31.7,,,31.70,,
36,โฉนด,140938,987,6335,03A031/004,0,0,24.5,,,24.50,,
37,โฉนด,140939,988,6336,03A031/005,0,0,24.5,,,24.50,,
38,โฉนด,140940,989,6337,03A031/006,0,0,24.5,,,24.50,,
39,โฉนด,140941,990,6338,03A031/007,0,0,25,,,25.00,,
40,โฉนด,1866,925,1689,03A033,0,2,11,,,,211.00,
41,โฉนด,1109,924,1584,03A034,2,1,72.5,,,,972.50,
42,โฉนด,1332,932,1633,03A035,6,1,17.4,,,2517.40,,
43,โฉนด,1329,964,1496,03A036,2,2,9.3,,,1009.30,,
44,โฉนด,ลพ.0680,,,03B001,5,3,3,,,,,
45,โฉนด,1330,954,1522,03B002,2,2,17.5,,,,,
46,โฉนด,22126,955,3157,03B003,0,1,14.2,,,,,
47,โฉนด,1867,956,1521,03B004,3,0,51.9,,,,1251.90,
48,โฉนด,1331,957,1519,03B005,4,3,89.6,,,,,
49,โฉนด,1383,960,1517,03B006,3,0,39.4,,,,1239.40,
50,โฉนด,1486,959,1518,03B007,5,3,85,,,,,
51,โฉนด,1389,961,1510,03B009,1,0,88.4,,,,488.40,
52,โฉนด,1381,962,1509,03B010,2,3,9.2,,,,1109.20,
53,โฉนด,1382,963,1508,03B011,6,1,44.9,,,2544.90,,
54,โฉนด,1396,965,1507,03B012,6,1,4.9,,,,2504.90,
55,โฉนด,1691,923,1751,03B013,3,2,50.4,,,,1450.40,
56,โฉนด,26288,921,3430,03B013/001,0,1,18.4,,,118.40,,
57,โฉนด,1367,922,1690,03B013/002,0,0,32.8,,32.80,,,
58,โฉนด,79699,9,4597,03B013/003,0,0,31.5,,,31.50,,
59,โฉนด,79700,10,4548,03B013/004,0,0,32.7,,,32.70,,
60,โฉนด,1785,1048,1513,03B015,7,1,83.7,,,2983.70,,
61,โฉนด,1399,1050,1585,03B020,1,0,68.4,,,,468.40,
62,โฉนด,100837,25,4955,03B020/001,0,3,69.3,,369.30,,,
63,โฉนด,101760,26,5008,03B020/002,0,0,72.8,,,,72.80,
64,โฉนด,2730,966,1878,03B021,4,0,2,,,,1602.00,
65,โฉนด,100835,13,5002,03B021/001,0,0,67.4,,,,67.40,
66,โฉนด,100836,14,4968,03B021/002,3,1,1.6,,,,1301.60,
67,โฉนด,2420,967,1822,03C001,12,3,69.2,,,5169.20,,
68,โฉนด,2408,1069,1814,03C002,9,2,16.2,,,3816.20,,
69,โฉนด,2530,1068,1835,03C003,0,1,97.5,,,,197.50,
70,โฉนด,75593,14,4497,03C003/001,0,3,72.2,,,,372.20,
71,โฉนด,75592,13,4496,03C003/002,1,0,1,,,,401.00,
72,โฉนด,75591,12,4495,03C003/003,1,0,1,,,,401.00,
73,โฉนด,75590,11,4494,03C003/004,1,0,1,,,,401.00,
74,โฉนด,75589,10,4493,03C003/005,0,1,58.9,,,,158.90,
75,โฉนด,1671,1070,1598,03C004,0,1,57.9,,,,157.90,
76,โฉนด,80949,4,4560,03C004/001,2,2,90.9,,,,1090.90,
77,โฉนด,80950,21,4561,03C004/002,1,0,0,,,,400.00,
78,โฉนด,80951,22,4562,03C004/003,1,0,0,,,,400.00,
79,โฉนด,2058,1071,1597,03C005,2,2,13,,,,1013.00,
80,โฉนด,120768,32,5155,03C005/001,4,3,68.9,,,,1968.90,
81,โฉนด,137333,46,6172,03C005/002,0,0,41.1,,,,41.10,
82,โฉนด,137334,47,6173,03C005/003,0,0,41.1,,,,41.10,
83,โฉนด,137335,48,6174,03C005/004,0,0,41.1,,,,41.10,
84,โฉนด,137336,49,6175,03C005/005,0,0,41.2,,,,41.20,
85,โฉนด,137337,50,6176,03C005/006,0,0,41.3,,,,41.30,
86,โฉนด,137338,51,6177,03C005/007,0,0,41.4,,,,41.40,
87,โฉนด,137339,52,6178,03C005/008,0,0,41.5,,,,41.50,
88,โฉนด,137340,53,6179,03C005/009,1,2,67.2,,,,667.20,
89,โฉนด,1525,1072,1677,03C006,9,0,68.3,,,,3668.30,
90,น.ส.ล,ลพ 1083,,,03D001,5,2,18,,,,,
91,โฉนด,25585,816,3343,03D002,0,0,56.3,,56.30,,,
92,โฉนด,6594,817,2089,03D003,0,0,59.1,,,59.10,,
93,โฉนด,952,818,1204,03D004,0,0,46.3,,46.30,,,
94,โฉนด,956,819,1203,03D005,0,1,60,,,160.00,,
95,โฉนด,1449,827,1202,03D006,2,0,56.9,,,856.90,,
96,โฉนด,2318,829,1205,03D007,1,0,54.7,,454.70,,,
97,โฉนด,93615,39,4889,03D007/001,0,0,77.3,,77.30,,,
98,โฉนด,93614,26,8023,03D007/002,0,0,54.3,,54.30,,,
99,โฉนด,93613,37,4887,03D007/003,0,0,52.6,,52.60,,,
100,โฉนด,1461,828,1201,03D008,1,0,79.2,,,479.20,,
101,โฉนด,955,826,1200,03D009,0,0,73.9,,,,,
102,โฉนด,27058,820,3526,03D009/001,0,0,83.5,,,83.50,,
103,โฉนด,27059,821,3527,03D009/002,0,0,48.4,,48.40,,,
104,โฉนด,27060,822,3528,03D009/003,0,0,56.4,,,56.40,,
105,โฉนด,27061,823,3529,03D009/004,0,0,42.6,,42.60,,,
106,โฉนด,27062,825,3530,03D009/005,0,0,79.2,,79.20,,,
107,โฉนด,910,824,1197,03D010,0,2,61.2,,,261.20,,
108,โฉนด,862,1270,1196,03D011,0,1,77,,,177.00,,
109,โฉนด,29376,1269,3611,03D011/001,0,1,29.6,,,129.60,,
110,โฉนด,863,1271,1198,03D012,0,1,79.6,,,179.60,,
111,โฉนด,1401,1273,1199,03D013,0,1,52.1,152.1,,,,
112,โฉนด,27705,1272,3504,03D013/001,0,1,61.1,161.1,,,,
113,โฉนด,2147,1275,1194,03D014,0,1,5.2,,105.20,,,
114,โฉนด,25671,1276,3356,03D014/001,0,1,96.6,,,196.60,,
115,โฉนด,46817,1274,3866,03D014/002,0,0,76.4,,,76.40,,
116,โฉนด,1875,1279,1193,03D015,0,2,11.1,211.1,,,,
117,โฉนด,27072,1277,3531,03D015/001,0,1,61.3,,,161.30,,
118,โฉนด,27073,1278,3532,03D015/002,0,1,58.2,,,158.20,,
119,โฉนด,2759,1280,1195,03D016,7,0,10.5,,,,,
120,โฉนด,1261,830,1523,03D017,3,0,67.9,,,1267.90,,
121,โฉนด,25516,69,3443,03D018,0,0,49.8,,49.80,,,
122,โฉนด,51004,1282,3950,03D018/001,0,0,29.9,,29.90,,,
123,โฉนด,2882,70,1952,03D019,0,1,28.1,,120.10,8.00,,
124,โฉนด,66403,176,4117,03D019/001,0,1,65.8,165.8,,,,
125,โฉนด,66402,175,4116,03D019/002,0,0,11.9,,11.90,,,
126,โฉนด,90927,1284,2510,03D019/003,0,1,28,,128.00,,,
127,โฉนด,10928,1054,2511,03D020,0,1,39.7,,,,139.70,
128,โฉนด,10929,,,03D021,0,1,21.1,,,,121.10,
129,โฉนด,10930,1056,2513,03D022,0,0,17,,,,17.00,
130,โฉนด,10942,1057,2514,03D023,0,1,8.6,,108.60,,,
131,โฉนด,10943,1058,2515,03D024,0,1,37.8,,,137.80,,
132,โฉนด,10944,1059,2516,03D025,0,1,36.7,,136.70,,,
133,โฉนด,10945,1060,2517,03D026,0,1,31.9,,,,131.90,
134,โฉนด,10946,,,03D027,0,0,82.6,,,,82.60,
135,โฉนด,10960,1062,2506,03D028,0,0,48.1,,,,48.10,
136,โฉนด,10961,1063,2485,03D029,0,1,26.4,,,,126.40,
137,โฉนด,10962,1064,2486,03D030,0,1,22.9,,,,122.90,
138,โฉนด,10963,1065,2487,03D031,0,1,18.9,,118.90,,,
139,โฉนด,10964,1066,2488,03D032,0,1,17.4,,111.40,6.00,,
140,โฉนด,10965,1067,2489,03D033,0,1,42,,142.00,,,
141,โฉนด,7389,1283,2106,03D034,1,0,0,,400.00,,,
142,โฉนด,10927,1284,2510,03D035,0,1,42.3,,142.30,,,
143,โฉนด,10926,1089,2494,03D036,0,1,35.9,,,,135.90,
144,โฉนด,10925,1088,2493,03D037,0,0,31.5,,,31.50,,
145,โฉนด,10941,1085,2504,03D038,0,1,3.7,,,103.70,,
146,โฉนด,10940,1084,2503,03D039,0,1,34.8,,,,134.80,
147,โฉนด,10939,1083,2502,03D040,0,1,35,,,,135.00,
148,โฉนด,10938,1082,2501,03D041,0,1,34.8,,,,134.80,
149,โฉนด,10937,1081,2500,03D042,0,0,65,,65.00,,,
150,โฉนด,10959,1080,2507,03D043,0,0,69,,69.00,,,
151,โฉนด,10958,1078,2484,03D044,0,1,35.2,,,,135.20,
152,โฉนด,10957,1077,2483,03D045,0,1,35.4,,,,135.40,
153,โฉนด,10954,1074,2480,03D048,0,3,97,,397.00,,,
154,โฉนด,10922,1285,2490,03D049,0,1,34.3,,134.30,,,
155,โฉนด,10923,1090,2491,03D050,0,1,34.9,,,134.90,,
156,โฉนด,10924,1091,2492,03D051,0,0,45.7,,,45.70,,
157,โฉนด,10932,1092,2495,03D052,0,0,89.1,,,89.10,,
158,โฉนด,10933,1093,2496,03D053,0,1,34.7,,134.70,,,
159,โฉนด,10934,1094,2497,03D054,0,1,34.6,,,,134.60,
160,โฉนด,10935,1095,2498,03D055,0,1,34.5,,,,134.50,
161,โฉนด,10936,1096,2499,03D056,0,0,76,,76.00,,,
162,โฉนด,10949,1097,2508,03D057,0,0,57.9,,57.90,,,
163,โฉนด,10950,1098,2509,03D058,0,1,32.9,,132.90,,,
164,โฉนด,10951,1099,2477,03D059,0,1,31.8,,,131.80,,
165,โฉนด,10952,1100,2478,03D060,0,1,30.9,,130.90,,,
166,โฉนด,10953,1102,2479,03D061,0,1,10,,110.00,,,
167,โฉนด,29014,1101,3568,03D061/001,0,1,12.1,,112.10,,,
168,โฉนด,861,1268,1192,03D062,0,1,1.4,,101.40,,,
169,โฉนด,46801,1267,3873,03D062/001,0,0,64.8,,,64.80,,
170,โฉนด,46802,1266,3874,03D062/002,0,0,74.6,,,74.60,,
171,โฉนด,882,1264,1190,03D063,0,0,53.5,,,,,
172,โฉนด,66690,170,4206,03D063/001,0,0,84.2,,,84.20,,
173,โฉนด,66691,171,4207,03D063/002,0,0,74,,69.00,5.00,,
174,โฉนด,11687,1263,2972,03D064,0,1,5.9,,,105.90,,
175,โฉนด,917,1265,1191,03D065,0,0,99.5,,99.50,,,
176,โฉนด,62740,86,4095,03D065/001,0,0,89.7,,89.70,,,
177,โฉนด,868,1325,1189,03D066,0,0,60.1,,,60.10,,
178,โฉนด,7240,1326,2084,03D067,0,0,63.7,,,63.70,,
179,โฉนด,1083,1324,1188,03D068,0,0,75.2,,75.20,,,
180,โฉนด,27114,1323,3499,03D068/001,0,0,35.3,,35.30,35.30,,
181,โฉนด,2300,1321,1187,03D069,0,0,36.1,,,36.10,,
182,โฉนด,2824,1320,1929,03D070,0,0,42.9,,,42.90,,
183,โฉนด,972,1322,1186,03D071,0,0,34.4,,34.40,,,
184,โฉนด,22710,1327,3161,03D072,0,0,48.4,,,48.40,,
185,โฉนด,2705,1329,1867,03D073,0,0,65.2,,65.20,,,
186,โฉนด,22711,1328,3162,03D074,0,0,38.1,,,38.10,,
187,โฉนด,820,1330,1185,03D075,0,0,74.4,,,74.40,,
188,โฉนด,951,1331,1184,03D076,0,0,73.6,,,73.60,,
189,โฉนด,806,1332,1181,03D077,0,1,8.9,,108.90,,,
190,โฉนด,777,1335,1183,03D078,0,1,26,,126.00,,,
191,โฉนด,135623,66,6085,03D078/001,0,0,48.5,,48.50,,,
192,โฉนด,2489,1334,1182,03D079,0,1,58.5,,158.50,,,
193,โฉนด,782,1333,1180,03D080,0,0,72.3,72.3,,,,
194,โฉนด,98754,33,4947,03D080/001,0,0,59.1,,,,59.10,
195,โฉนด,98755,34,4948,03D080/002,0,0,72.3,,,72.30,,
196,โฉนด,789,1319,1177,03D081,0,0,94.8,,,94.80,,
197,โฉนด,2311,1318,1207,03D082,0,1,15.3,,115.30,,,
198,โฉนด,63193,258,4016,03D082/001,0,1,15.9,,115.90,,,
199,โฉนด,63192,1317,4015,03D082/002,0,0,18.9,,18.90,,,
200,โฉนด,25248,1302,3305,03D083,0,0,67.1,,67.10,,,
201,โฉนด,25247,1303,3304,03D084,0,0,62.4,,62.40,,,
202,โฉนด,25242,1299,3299,03D085,0,0,62.5,,62.50,,,
203,โฉนด,25243,1300,3300,03D086,0,0,59.8,,59.80,,,
204,โฉนด,25260,1298,3306,03D087,0,0,97,,,97.00,,
205,โฉนด,25261,1297,3307,03D088,0,0,97.4,,97.40,,,
206,โฉนด,909,1296,1170,03D089,0,1,94.5,,,194.50,,
207,โฉนด,1960,1292,1759,03D090,0,0,97.7,,,97.70,,
208,โฉนด,128465,58,5393,03D090/001,0,0,97.3,,,97.30,,
209,โฉนด,785,1315,1178,03D091,0,1,78,,178.00,,,
210,โฉนด,967,1316,1176,03D092,0,1,33.8,,133.80,,,
211,โฉนด,792,1314,1174,03D093,0,0,36.3,,36.30,,,
212,โฉนด,84341,2675,4699,03D093/001,0,0,50,,50.00,,,
213,โฉนด,84342,2676,4700,03D093/002,0,0,82,,82.00,,,
214,โฉนด,84343,2677,4701,03D093/003,0,1,31.7,,,131.70,,
215,โฉนด,680,1313,1179,03D094,0,0,79.5,,79.50,,,
216,โฉนด,38058,1312,3780,03D094/001,0,0,48.9,,48.90,,,
217,โฉนด,827,1311,1173,03D095,0,0,32.6,,32.60,,,
218,โฉนด,29423,1310,3621,03D095/001,0,0,50.2,,,50.20,,
219,โฉนด,25246,1304,3303,03D096,0,0,64.1,,64.10,,,
220,โฉนด,25245,1305,3302,03D097,0,0,37.8,,37.80,,,
221,โฉนด,25244,1306,3301,03D098,0,0,86.7,,86.70,,,
222,โฉนด,2417,1309,1821,03D099,0,0,82.5,,82.50,,,
223,โฉนด,29440,1307,3622,03D099/001,0,0,73.2,,73.20,,,
224,โฉนด,29441,1308,3623,03D099/002,0,0,42.6,,,42.60,,
225,โฉนด,801,1295,1171,03D100,0,3,1.7,,301.70,,,
226,โฉนด,895,1294,1169,03D101,0,2,10.8,,,210.80,,
227,โฉนด,978,1293,1168,03D102,1,3,73.6,,773.60,,,
228,โฉนด,6339,1291,2087,03D103,0,1,64.1,,,164.10,,
229,โฉนด,21804,1290,3140,03D104,0,2,0,,,200.00,,
230,โฉนด,1787,1288,1708,03D105,0,3,0.8,,266.80,34.00,,
231,โฉนด,10796,1289,2465,03D106,0,0,44.8,,44.80,,,
232,โฉนด,107777,40,5045,03D106/001,0,0,51.1,,,51.10,,
233,โฉนด,107776,39,5044,03D106/002,0,0,24.1,,,24.10,,
234,โฉนด,4258,1287,2075,03D107,0,2,64.8,,,,264.80,
235,โฉนด,4257,1286,2074,03D108,0,2,67.3,,,267.30,,
236,โฉนด,4256,1103,2073,03D109,0,3,0.8,,,300.80,,
237,โฉนด,1776,1104,1709,03D110,0,3,89.3,,,389.30,,
238,โฉนด,8754,1105,2353,03D111,1,0,52,,,452.00,,
239,โฉนด,2582,1106,1837,03D112,0,1,52.2,,152.20,,,
240,โฉนด,84429,24,4707,03D112/001,0,1,52.2,,152.20,,,
241,โฉนด,84428,23,4706,03D112/002,0,1,52.3,,,152.30,,
242,โฉนด,22163,1107,3180,03D113,0,0,65.7,,65.70,,,
243,โฉนด,22164,1108,3181,03D114,0,0,41.7,,41.70,,,
244,โฉนด,22165,1109,3182,03D115,0,0,38.8,,,38.80,,
245,โฉนด,22166,1110,3183,03D116,0,0,36.4,,,36.40,,
246,โฉนด,1908,1111,1710,03D117,0,1,70.7,,,170.70,,
247,โฉนด,145268,64,6541,03D117/001,0,0,32.5,,,32.50,,
248,โฉนด,22158,1112,3184,03D118,0,0,61,,,61.00,,
249,โฉนด,22159,1113,3176,03D119,0,0,40.1,,40.10,,,
250,โฉนด,22160,1114,3177,03D120,0,0,38.3,,38.30,,,
251,โฉนด,22161,1115,3178,03D121,0,0,36.6,,36.60,,,
252,โฉนด,22162,1116,3179,03D122,0,0,36.3,,,36.30,,
253,โฉนด,2305,1117,1590,03D123,1,2,13.2,,,,613.20,
254,โฉนด,911,1301,1175,03D124,0,0,44.1,,44.10,,,
255,โฉนด,2035,1073,1596,03E002,12,0,88.8,,,,,
256,โฉนด,,,,03E003,,,0,,,,,
257,โฉนด,2625,1232,1549,03E004,0,0,62.9,,,,62.90,
258,โฉนด,27755,1186,3542,03E004/001,1,0,84,,,484.00,,
259,โฉนด,27758,1231,3545,03E004/004,0,0,63.8,,,,63.80,
260,โฉนด,2456,1144,1551,03E005,0,2,26.9,,,,226.90,
261,โฉนด,2284,1143,1550,03E006,1,0,22.5,,422.50,,,
262,โฉนด,2633,1141,1553,03E007,0,0,69.2,,,69.20,,
263,โฉนด,79510,18,4555,03E007/001,0,0,68.9,,68.90,,,
264,โฉนด,79509,17,4554,03E007/002,0,0,74.2,,68.90,,,
265,โฉนด,2505,1142,1552,03E008,0,2,57.1,,,,,
266,โฉนด,2285,1138,1556,03E009,0,0,92.1,,92.10,,,
267,โฉนด,2452,1139,1555,03E010,0,0,86.4,,86.40,,,
268,โฉนด,1128,1140,1554,03E011,0,2,70.5,,,270.50,,
269,โฉนด,2416,1137,1558,03E012,0,1,59.9,,159.90,,,
270,โฉนด,78377,16,4529,03E012/001,0,0,81.8,,78.80,3.00,,
271,โฉนด,2609,1136,1557,03E013,1,0,5.4,,,405.40,,
272,โฉนด,2486,1133,1561,03E014,0,1,14.5,,,114.50,,
273,โฉนด,2455,1134,1560,03E015,0,0,73.2,,,73.20,,
274,โฉนด,77595,15,4513,03E015/001,0,0,73.2,,73.20,,,
275,โฉนด,2024,1135,1559,03E016,0,2,34.6,,,,234.60,
276,โฉนด,2263,1132,1565,03E017,0,2,57.1,,,257.10,,
277,โฉนด,2447,1131,1564,03E018,0,0,32.1,,32.10,,,
278,โฉนด,8001,19,4557,03E018/001,0,0,73.4,,73.40,,,
279,โฉนด,109095,1194,5051,03E018/002,0,0,36.6,,,36.60,,
280,โฉนด,1707,1130,1563,03E019,0,1,84.4,,,184.40,,
281,โฉนด,2449,1129,1562,03E020,0,1,46,,,,146.00,
282,โฉนด,2632,1001,252,03E021,0,1,30,,,130.00,,
283,โฉนด,25715,1120,3366,03E021/001,0,0,52.6,,,52.60,,
284,โฉนด,2304,1128,1566,03E023,1,2,24,,,624.00,,
285,โฉนด,2448,1124,1571,03E024,0,1,52.2,,152.20,,,
286,โฉนด,36019,1123,3778,03E024/001,0,0,64.2,,,64.20,,
287,โฉนด,2638,840,246,03E025,0,1,90,,190.00,,,
288,โฉนด,1216,1127,1569,03E026,0,2,16.1,,216.10,,,
289,โฉนด,70640,9,4345,03E026/001,0,2,16.1,,,,,
290,โฉนด,27856,1125,3510,03E027,0,0,78.4,,78.40,,,
291,โฉนด,2490,1218,1573,03E028,0,1,72.4,,,172.40,,
292,โฉนด,2634,1216,1572,03E029,0,0,91.1,,,91.10,,
293,โฉนด,99962,12,4981,03E029/001,0,0,78.9,,,,78.90,
294,โฉนด,99961,11,4980,03E029/002,0,0,66.2,,66.20,,,
295,โฉนด,2584,1217,1575,03E030,0,3,30.6,,,330.60,,
296,โฉนด,1163,1215,1574,03E031,1,0,77.2,,,477.20,,
297,โฉนด,1884,1212,1600,03E032,0,0,21.1,,21.10,,,
298,โฉนด,138161,28,6185,03E032/001,0,1,71.6,,,,171.60,
299,โฉนด,138162,29,6186,03E032/002,0,0,85.8,,,,85.80,
300,โฉนด,138164,31,6188,03E032/003,0,1,71.6,,171.60,,,
301,โฉนด,138163,30,6187,03E032/004,0,0,85.8,,,,85.80,
302,โฉนด,8352,1211,2333,03E033,0,0,81,,,81.00,,
303,โฉนด,1120,1213,1599,03E034,0,0,75,,,,75.00,
304,โฉนด,90405,8,4843,03E034/001,0,0,75.8,,,75.80,,
305,โฉนด,2585,1214,1576,03E035,0,1,56.5,,,,156.50,
306,โฉนด,,,,03E036,,,0,,,,,
307,โฉนด,829,1381,1140,03F001,0,0,39.7,,39.70,,,
308,โฉนด,127527,52,5372,03F001/001,0,0,61.4,,49.40,12.00,,
309,โฉนด,127528,53,5373,03F001/002,0,0,25.9,,,25.90,,
310,โฉนด,127529,54,5374,03F001/003,0,0,25.5,,25.50,,,
311,โฉนด,884,1382,1141,03F002,0,1,50.8,,,150.80,,
312,โฉนด,140254,71,6302,03F002/001,0,0,77.5,,77.50,,,
313,โฉนด,2709,1383,1870,03F003,0,1,30,,130.00,,,
314,โฉนด,784,1384,1138,03F004,0,1,42.3,142.3,,,,
315,โฉนด,682,1387,1147,03F005,0,1,79.9,,,179.90,,
316,โฉนด,2732,1386,1139,03F006,0,0,9,,9.00,,,
317,โฉนด,77858,20,4510,03F006/001,0,0,75.7,,,75.70,,
318,โฉนด,77859,21,4511,03F006/002,0,0,36.7,,36.70,,,
319,โฉนด,77860,22,4512,03F006/003,0,0,35.8,,,35.80,,
320,โฉนด,787,1385,1137,03F007,0,0,83.7,,,83.70,,
321,โฉนด,143517,173,6499,03F007/001,0,0,16.9,,,16.90,,
322,โฉนด,143516,172,6498,03F007/002,0,0,33.6,,33.60,,,
323,โฉนด,859,1388,1134,03F008,0,0,96.5,,,96.50,,
324,โฉนด,67165,2624,4291,03F008/001,0,0,97.5,,,97.50,,
325,โฉนด,67164,2623,4290,03F008/002,0,0,97.8,,97.80,,,
326,โฉนด,791,1389,1133,03F009,0,1,7.5,,107.50,,,
327,โฉนด,804,1390,1135,03F010,0,1,59,,,159.00,,
328,โฉนด,966,1394,1136,03F011,0,0,87,,,,87.00,
329,โฉนด,26503,1391,3438,03F011/001,0,0,87.6,,87.60,,,
330,โฉนด,26504,1392,3439,03F011/002,0,0,87.6,87.6,,,,
331,โฉนด,26505,1393,3440,03F011/003,0,0,87.7,,87.70,,,
332,โฉนด,832,1463,1123,03F012,0,1,15.9,,,115.90,,
333,โฉนด,84345,2674,4697,03F012/001,0,2,39.2,,,239.20,,
334,โฉนด,867,1461,1124,03F013,0,2,64.9,,150.70,114.23,,
335,โฉนด,878,1458,1126,03F014,0,0,74.7,,,74.70,,
336,โฉนด,132081,61,5547,03F014/001,0,0,45.5,,,45.50,,
337,โฉนด,132082,62,5548,03F014/002,0,0,46.3,,,,46.30,
338,โฉนด,132083,63,5549,03F014/003,0,0,57.1,,,57.10,,
339,โฉนด,132085,65,5551,03F014/005,0,0,27.9,,,27.90,,
340,โฉนด,132084,64,5550,03F014/006,0,0,58.4,,,58.40,,
341,โฉนด,1095,1457,1132,03F015,0,0,75.1,,75.10,,,
342,โฉนด,2281,1456,1131,03F016,0,2,36.7,,,236.70,,
343,โฉนด,957,1462,1122,03F017,0,1,1.1,,,101.10,,
344,โฉนด,28215,1460,3548,03F017/001,0,1,22.5,122.5,,,,
345,โฉนด,1102,1459,1125,03F018,0,2,74.1,,,274.10,,
346,โฉนด,1619,1454,1206,03F019,0,1,43.2,,143.20,,,
347,โฉนด,963,1453,1127,03F020,0,1,96.5,,196.50,,,
348,โฉนด,961,1452,1128,03F021,0,1,14.8,,114.80,,,
349,โฉนด,833,1450,1130,03F022,0,1,27.5,,115.50,12.00,,
350,โฉนด,29386,1455,3614,03F022/001,0,0,85,,,85.00,,
351,โฉนด,29387,1451,3615,03F022/002,0,0,71.8,,,71.80,,
352,โฉนด,962,1449,1129,03F023,0,1,97.7,,,,197.70,
353,โฉนด,780,1395,1142,03F024,0,0,76.7,,,76.70,,
354,โฉนด,783,1397,1144,03F025,0,0,62,,62.00,,,
355,โฉนด,144730,174,6520,03F025/001,0,0,62,,62.00,,,
356,โฉนด,776,1399,1145,03F026,0,1,99.5,,,199.50,,
357,โฉนด,1032,1400,1146,03F027,0,1,18.2,,118.20,,,
358,โฉนด,2418,1401,1150,03F028,0,1,43.2,,,143.20,,
359,โฉนด,2605,1396,1143,03F029,0,0,21.7,,21.70,,,
360,โฉนด,71754,9,4375,03F029/001,0,0,23.3,,23.30,,,
361,โฉนด,71752,7,4373,03F029/002,0,0,74.9,,,74.90,,
362,โฉนด,71753,8,4374,03F029/003,0,0,39.6,,39.60,,,
363,โฉนด,2336,1398,1262,03F030,0,0,80.2,,,80.20,,
364,โฉนด,989,1404,1148,03F031,0,0,47.3,,47.30,,,
365,โฉนด,2039,1402,1149,03F032,0,1,55.8,,155.80,,,
366,โฉนด,2726,1403,1876,03F033,0,0,94.3,,94.30,,,
367,โฉนด,686,1405,1151,03F034,0,1,25.5,,125.50,,,
368,โฉนด,988,1406,1152,03F035,0,1,33,,133.00,,,
369,โฉนด,959,1407,1153,03F036,0,0,97.1,,,97.10,,
370,โฉนด,786,1408,1154,03F037,0,0,57.6,,,57.60,,
371,โฉนด,101873,36,5006,03F037/001,0,0,73.2,,73.20,,,
372,โฉนด,788,1410,1156,03F038,0,1,56,,,156.00,,
373,โฉนด,778,1409,1155,03F039,0,0,62.9,,62.90,,,
374,โฉนด,89655,26,4826,03F039/001,0,0,24.5,,24.50,,,
375,โฉนด,89654,25,4825,03F039/002,0,0,21.4,,,21.40,,
376,โฉนด,1725,1411,1157,03F040,0,0,71.2,,71.20,,,
377,โฉนด,1149,1424,1167,03F041,0,2,11.6,,,211.60,,
378,โฉนด,27784,1210,4965,03F041/002,0,1,33.8,,133.80,,,
379,โฉนด,27725,1422,3534,03F041/003,0,1,24.7,,,124.70,,
380,โฉนด,27726,1421,3535,03F041/004,0,1,28.8,,128.80,,,
381,โฉนด,27728,1425,3537,03F041/005,0,1,29.3,,129.30,,,
382,โฉนด,27727,1426,3536,03F041/006,0,1,40.7,,140.70,,,
383,โฉนด,2322,1420,1166,03F042,0,1,41.7,,141.70,,,
384,โฉนด,1143,1418,1172,03F043,0,1,64.2,164.2,,,,
385,โฉนด,2898,1419,1960,03F043/001,0,1,68.9,168.9,,,,
386,โฉนด,796,1415,1163,03F044,0,0,82.8,,82.80,,,
387,โฉนด,11121,1414,2581,03F045,0,0,53.7,,,,53.70,
388,โฉนด,11120,1413,2580,03F046,0,0,64.7,,64.70,,,
389,โฉนด,11119,1412,2579,03F047,0,0,58.5,,,,58.50,
390,โฉนด,1334,1416,1164,03F048,0,0,43.1,,,43.10,,
391,โฉนด,73336,11,4411,03F048/001,0,0,28.6,,28.60,,,
392,โฉนด,73335,10,4410,03F048/002,0,0,28.2,,28.20,,,
393,โฉนด,1127,1417,1165,03F049,0,2,36.1,,,,236.10,
394,โฉนด,1780,1432,1722,03F050,1,1,41.6,,541.60,,,
395,โฉนด,28597,1428,3558,03F050/001,0,3,70.7,,,370.70,,
396,โฉนด,28596,1433,3557,03F050/002,0,1,54.8,,,154.80,,
397,โฉนด,28595,1434,3556,03F050/003,0,1,62,,,162.00,,
398,โฉนด,1861,1429,1591,03F051,0,1,12,,,112.00,,
399,โฉนด,2947,1430,1994,03F052,0,2,40,,,240.00,,
400,โฉนด,2672,1431,1855,03F053,0,1,5.4,,,105.40,,
401,โฉนด,89882,29,4837,03F053/001,0,0,86.7,,,,86.70,
402,โฉนด,89880,27,4835,03F053/002,0,0,72.3,,72.30,,,
403,โฉนด,89881,28,4836,03F053/003,0,0,90,,90.00,,,
404,โฉนด,1773,1159,1720,03F054,0,3,81.7,,381.70,,,
405,โฉนด,65914,41,4140,03F054/001,1,0,0,400.0,,,,
406,โฉนด,16431,1435,2982,03F055,0,0,92.2,92.2,,,,
407,โฉนด,16432,1436,2983,03F056,0,0,91.1,,,91.10,,
408,โฉนด,16433,1437,2984,03F057,0,0,90.4,,90.40,,,
409,โฉนด,1783,1160,1721,03F058,0,1,30.7,,,130.70,,
410,โฉนด,16435,1161,2986,03F059,0,0,93,,93.00,,,
411,โฉนด,16434,1438,2985,03F060,0,0,91.7,,91.70,,,
412,โฉนด,51049,1156,3947,03F061/001,0,0,70,,,70.00,,
413,โฉนด,51047,1153,3945,03F061/002,0,0,40,,40.00,,,
414,โฉนด,51050,1157,3948,03F061/003,0,0,30.7,,,,30.70,
415,โฉนด,51048,1154,3946,03F061/004,0,0,52.7,,,,52.70,
416,โฉนด,51051,1158,3949,03F061/005,0,1,0,,100.00,,,
417,โฉนด,3168,1152,2013,03F062,0,1,90.7,,,,190.70,
418,โฉนด,138295,54,6192,03F062/001,0,1,90.8,,,,190.80,
419,โฉนด,1909,1150,1718,03F063,0,0,40.9,,40.90,,,
420,โฉนด,1149,1424,1167,03F063/001,0,0,34,,,34.00,,
421,โฉนด,19164,1151,3070,03F064,0,0,55.8,,,55.80,,
422,โฉนด,1897,1162,1717,03F065,1,2,21.8,,,,621.80,
423,โฉนด,2319,1446,1161,03F066,1,0,33.1,,433.10,,,
424,โฉนด,2090,1447,1160,03F067,0,3,3.1,,303.10,,,
425,โฉนด,2603,1444,1162,03F068,0,2,97.4,,297.40,,,
426,โฉนด,2038,1445,1159,03F069,0,1,92.6,,192.60,,,
427,โฉนด,1361,1448,1158,03F070,0,3,32.6,,332.60,,,
428,โฉนด,1363,1443,1667,03F071,7,0,57.1,,,,,
429,โฉนด,1207,1442,1592,03F072,2,1,47.2,947.2,,,,
430,โฉนด,24163,1494,3211,03F073,0,0,78.3,,,78.30,,
431,โฉนด,142631,72,6482,03F073/001,0,1,1,101.0,,,,
432,โฉนด,24164,1495,3212,03F074,0,1,6.7,,106.70,,,
433,โฉนด,93947,42,5070,03F074/001,0,0,73.8,,73.80,,,
434,โฉนด,24165,1496,3213,03F075,0,0,84.7,,84.70,,,
435,โฉนด,113879,41,5069,03F075/001,0,0,62.4,,62.40,,,
436,โฉนด,395,1497,494,03F076,0,1,81.9,,,181.90,,
437,โฉนด,401,1498,493,03F077,0,1,84.5,,184.50,,,
438,โฉนด,396,1501,496,03F078,0,1,35.2,,129.20,6.00,,
439,โฉนด,390,1502,495,03F079,0,1,25.5,,125.50,,,
440,โฉนด,19230,1500,3085,03F080,0,0,43.6,,43.60,,,
441,โฉนด,123237,271,5255,03F080/001,0,0,56.3,,56.30,,,
442,โฉนด,399,1499,492,03F081,0,0,88,,88.00,,,
443,โฉนด,14991,1493,2974,03F082,0,0,68.5,,,68.50,,
444,โฉนด,14992,1492,2975,03F083,0,0,78.3,,,78.30,,
445,โฉนด,14993,1491,2976,03F084,0,0,85.8,,,85.80,,
446,โฉนด,391,1490,490,03F085,0,2,33.8,,,233.80,,
447,โฉนด,27466,183,4298,03F085/001,0,1,36.9,,,136.90,,
448,โฉนด,67464,181,4296,03F085/002,0,2,37.1,,,237.10,,
449,โฉนด,67465,182,4297,03F085/003,0,2,31,,,231.00,,
450,โฉนด,419,1489,491,03F086,0,1,69.9,,,169.90,,
451,โฉนด,77087,13,4446,03F086/001,0,0,86.2,,,86.20,,
452,โฉนด,77088,14,4447,03F086/002,0,1,16.9,,116.90,,,
453,โฉนด,410,1503,572,03F087,0,0,76.6,,,76.60,,
454,โฉนด,428,1504,571,03F088,0,0,14.1,,,14.10,,
455,โฉนด,8313,1505,2330,03F089,0,0,59.3,,59.30,,,
456,โฉนด,407,1506,570,03F090,0,0,71.3,,,71.30,,
457,โฉนด,400,1507,567,03F091,0,2,74.7,,,274.70,,
458,โฉนด,26717,1511,3456,03F091/001,0,2,66.3,,,266.30,,
459,โฉนด,534,1512,568,03F092,0,3,81.6,,,,381.60,
460,โฉนด,2310,1513,569,03F093,0,3,62.8,,,362.80,,
461,โฉนด,25577,1516,3341,03F094,0,1,63.4,,139.40,24.00,,
462,โฉนด,25574,1514,3339,03F094/001,0,3,37.1,,,337.10,,
463,โฉนด,116289,43,5089,03F094/002,0,1,82.9,,,182.90,,
464,โฉนด,25575,1517,3342,03F095,0,1,85.8,,185.80,,,
465,โฉนด,25576,2476,3340,03F096,0,2,3.8,,203.80,,,
466,โฉนด,145607,66,6554,03F096/001,0,0,75,,,75.00,,
467,โฉนด,2924,1518,1980,03F097,0,1,18.3,,,118.30,,
468,โฉนด,2921,1519,1977,03F098,0,1,21,,121.00,,,
469,โฉนด,2925,2477,1981,03F099,0,1,4.8,,,104.80,,
470,โฉนด,2922,2478,1978,03F100,0,1,6.3,,,106.30,,
471,โฉนด,2926,2479,1982,03F101,0,1,4.8,,104.80,,,
472,โฉนด,2923,2480,1979,03F102,0,1,7.3,,,107.30,,
473,โฉนด,1359,2481,549,03F103,0,1,58,,,,,
474,โฉนด,121607,38,5187,03F103/001,0,0,63.2,,,,63.20,
475,โฉนด,121608,39,5188,03F103/002,0,0,64,,,,64.00,
476,โฉนด,389,1508,566,03F104,0,2,19,,,219.00,,
477,โฉนด,11139,1509,2578,03F105,0,1,78,,174.30,3.75,,
478,โฉนด,2974,1510,2002,03F106,0,0,74,,,74.00,,
479,โฉนด,366,2466,565,03F107,1,1,72,,,572.00,,
480,โฉนด,349,2465,564,03F108,1,0,73.5,,,473.10,,
481,โฉนด,2652,2467,1846,03F109,0,1,42.4,,,142.40,,
482,โฉนด,421,2468,563,03F110,0,1,38.7,,,138.70,,
483,โฉนด,25558,2470,3318,03F111,0,1,14.4,,,114.40,,
484,โฉนด,25561,2469,3321,03F112,0,1,7,,107.00,,,
485,โฉนด,25559,2475,3319,03F113,0,1,57.3,,157.30,,,
486,โฉนด,25560,2474,3320,03F114,0,1,32.8,,,,132.80,
487,โฉนด,420,2472,562,03F115,0,1,99.8,,,199.80,,
488,โฉนด,524,2473,560,03F116,0,3,36.6,,,336.60,,
489,โฉนด,2762,,,03F117,2,3,36.9,,,,,
490,โฉนด,1871,1119,1587,03G001,1,0,71.6,,,,471.60,
491,โฉนด,1898,1118,1754,03G001/001,1,2,60.7,,,,,
492,โฉนด,117988,27,5103,03G001/002,0,3,80,,380.00,,,
493,โฉนด,117989,28,5104,03G001/003,0,3,80,,,380.00,,
494,โฉนด,117990,29,5105,03G001/004,0,3,80,,,380.00,,
495,โฉนด,134648,42,6047,03G001/005,1,1,0,,500.00,,,
496,โฉนด,134649,43,6048,03G001/006,1,0,0,,,,400.00,
497,โฉนด,134650,44,6049,03G001/007,1,0,0,,400.00,,,
498,โฉนด,134651,45,6050,03G001/008,0,0,70.2,,,70.20,,
499,โฉนด,145214,56,6531,03G001/009,0,0,53.6,,,53.60,,
500,โฉนด,145215,57,6532,03G001/010,0,0,54.4,,,54.40,,
501,โฉนด,145216,58,6533,03G001/011,0,0,54.2,,,54.20,,
502,โฉนด,145217,59,6534,03G001/012,0,0,55.5,,,55.50,,
503,โฉนด,145218,60,6535,03G001/013,0,0,59.2,,,59.20,,
504,โฉนด,145219,61,6536,03G001/014,0,0,52.2,,,52.20,,
505,โฉนด,145220,62,6537,03G001/015,0,0,52,,,52.00,,
506,โฉนด,145221,63,6538,03G001/016,0,0,53.7,,,53.70,,
507,โฉนด,1870,1147,1595,03G003,0,1,51.3,,,151.30,,
508,โฉนด,145154,55,6529,03G003/002,1,2,20.1,620.1,,,,
509,โฉนด,2392,1148,1780,03G004,3,3,15.3,,,1515.30,,
510,โฉนด,2393,1146,1779,03G005,2,0,49,,,849.00,,
511,โฉนด,1869,1145,1594,03G006,3,3,45.3,,,1545.30,,
512,โฉนด,19157,1167,3076,03G007,0,0,84,,,,84.00,
513,โฉนด,19158,1168,3077,03G008,0,0,84,,,84.00,,
514,โฉนด,18839,1166,3040,03G009,0,2,0,,,,200.00,
515,โฉนด,19367,1169,3105,03G010,0,1,0,,,,100.00,
516,โฉนด,18838,1165,3039,03G011,0,2,0,,,,200.00,
517,โฉนด,19366,1170,3104,03G012,0,1,0,,,,100.00,
518,โฉนด,18837,1164,3038,03G013,0,1,0,,,,100.00,
519,โฉนด,19365,1171,3103,03G014,0,1,0,,,100.00,,
520,โฉนด,18840,1175,3041,03G015,0,1,0,,,,100.00,
521,โฉนด,18836,1163,3037,03G016,0,1,0,,100.00,,,
522,โฉนด,19364,1172,3102,03G017,0,1,0,,,100.00,,
523,โฉนด,18841,,,03G018,0,1,0,,,,100.00,
524,โฉนด,19160,1440,3079,03G019,0,1,0,,,100.00,,
525,โฉนด,18835,1173,3036,03G020,0,2,0,,200.00,,,
526,โฉนด,19159,1441,3078,03G021,0,1,0,,100.00,,,
527,โฉนด,18834,1439,3035,03G022,0,2,0,200.0,,,,
528,โฉนด,1753,1181,1593,03G023,0,2,3.8,,203.80,,,
529,โฉนด,25684,1182,3349,03G023/001,1,2,78.4,,,,678.40,
530,โฉนด,25690,1180,3355,03G023/002,0,1,99.1,,199.10,,,
531,โฉนด,25689,1179,3354,03G023/003,0,1,95.2,,195.20,,,
532,โฉนด,25688,1178,3353,03G023/004,0,3,7.9,,,307.90,,
533,โฉนด,25687,1177,3352,03G023/005,0,2,59.4,,259.40,,,
534,โฉนด,25686,1176,3351,03G023/006,0,3,19.3,,,319.30,,
535,โฉนด,25685,1219,3350,03G023/007,0,0,71.4,,71.40,,,
536,โฉนด,119838,12,5149,03G023/008,0,1,25,,,125.00,,
537,โฉนด,132347,1340,5832,03G023/009,0,0,75,,75.00,,,
538,โฉนด,1911,1183,1529,03G024,1,3,51.3,,,,751.30,
539,โฉนด,2203,1184,53,03G025,0,3,56.7,,,,356.70,
540,โฉนด,2020,1185,1530,03G026,0,3,34,,334.00,,,
541,โฉนด,1309,1190,1528,03G027,0,0,89.5,,,,89.50,
542,โฉนด,2272,1188,1534,03G028,0,2,53,,,,253.00,
543,โฉนด,2279,1187,1533,03G029,0,1,37.3,,,137.30,,
544,โฉนด,71472,1193,4362,03G029/001,0,1,43.4,,143.40,,,
545,โฉนด,6443,1189,2088,03G030,0,1,60.1,,,,160.10,
546,โฉนด,1921,1228,1535,03G031,0,2,63.2,,263.20,,,
547,โฉนด,1784,1191,1531,03G032,0,2,83.7,,,,283.70,
548,โฉนด,1782,1192,1532,03G033,0,2,82.7,,,,282.70,
549,โฉนด,1328,1226,1527,03G034,0,3,20.2,,,,320.20,
550,โฉนด,1778,1227,1536,03G035,0,2,66.4,,266.40,,,
551,โฉนด,121859,13,5211,03G035/001,0,2,18.3,,,218.30,,
552,โฉนด,2665,1220,1525,03G036,0,0,44.7,,,44.70,,
553,โฉนด,2023,1221,1526,03G037,0,3,83,,,,383.00,
554,โฉนด,1054,1222,1537,03G038,0,1,91.4,,,191.40,,
555,โฉนด,1028,1223,1538,03G039,0,2,25.8,,225.80,,,
556,โฉนด,71611,3,4382,03G039/001,0,1,0,,,100.00,,
557,โฉนด,2439,1225,1539,03G040,0,2,91.6,,,291.60,,
558,โฉนด,2506,1224,1540,03G041,0,0,89,,,89.00,,
559,โฉนด,2920,1520,1976,03G042,0,2,34.8,,,,234.80,
560,โฉนด,2919,2485,1975,03G044,0,1,4.8,,,,104.80,
561,โฉนด,2916,2487,1972,03G045,0,1,4.8,,,,104.80,
562,โฉนด,2918,2484,1974,03G046,0,1,26.9,,126.90,,,
563,โฉนด,2917,2488,1973,03G047,0,0,61.8,,61.80,,,
564,โฉนด,103018,23,5005,03G047/001,0,0,61.9,,61.90,,,
565,โฉนด,2914,2491,1970,03G048,0,1,13.9,,,113.90,,
566,โฉนด,2909,2492,1965,03G049,0,1,11.4,,,,111.40,
567,โฉนด,2913,2490,1969,03G050,0,1,5.3,,,105.30,,
568,โฉนด,2910,2493,1966,03G051,0,1,5.3,,,105.30,,
569,โฉนด,2912,2489,1968,03G052,0,1,44.7,,144.70,,,
570,โฉนด,2911,2494,1967,03G053,0,1,32.3,,,132.30,,
571,โฉนด,144511,65,6517,03G053/001,0,0,28,,,,28.00,
572,โฉนด,2905,1239,1961,03G055,0,0,82.8,,,,82.80,
573,โฉนด,130704,58,5503,03G055/001,0,0,37.3,,,37.30,,
574,โฉนด,130703,1311,5502,03G055/002,0,0,18.4,,,18.40,,
575,โฉนด,130702,1310,5501,03G055/003,0,0,18.1,,,18.10,,
576,โฉนด,130701,1309,5500,03G055/004,0,0,17.7,,,17.70,,
577,โฉนด,130700,1308,5499,03G055/005,0,0,17.4,,,17.40,,
578,โฉนด,130699,1307,5498,03G055/006,0,0,17.1,,,17.10,,
579,โฉนด,130698,1306,5497,03G055/007,0,0,31.2,,,31.20,,
580,โฉนด,2907,2502,1963,03G056,0,1,70.7,,,,170.70,
581,โฉนด,2908,2501,1964,03G057,0,1,32.5,,,,132.50,
582,โฉนด,759,2483,547,03G058,1,1,18.4,,,,,
583,โฉนด,736,2496,2894,03G059,0,2,19.9,,,,219.90,
584,โฉนด,12528,2496,2894,03G060,0,1,55.6,,155.60,,,
585,โฉนด,94583,17,4908,03G060/001,0,0,6.2,,,6.20,,
586,โฉนด,8833,2497,2366,03G061,0,0,53.9,,,53.90,,
587,โฉนด,913,2498,550,03G062,0,2,91.1,,,291.10,,
588,โฉนด,99733,13,4971,03G062/001,0,0,33,,,33.00,,
589,โฉนด,743,2499,551,03G063,0,0,62.3,,,62.30,,
590,โฉนด,21802,2500,,03G064,0,0,78.7,,78.70,,,
591,โฉนด,744,2504,552,03G065,0,2,88.3,,288.30,,,
592,โฉนด,798,2505,553,03G066,1,1,1.7,,,501.70,,
593,โฉนด,745,1241,554,03G067,0,3,86.2,,,386.20,,
594,โฉนด,737,1240,555,03G068,0,2,89.6,,,289.60,,
595,โฉนด,2207,1238,1771,03G069,0,1,66.2,,,166.20,,
596,โฉนด,138173,1313,6191,03G069/001,0,2,2.3,,202.30,,,
597,โฉนด,146011,,,03G069/002,0,0,64,,,64.00,,
598,โฉนด,2034,1237,556,03G070,0,2,18.4,,214.40,4.00,,
599,โฉนด,799,1243,558,03G071,1,0,77,,477.00,,,
600,โฉนด,960,1242,557,03G072,1,0,31.6,,,431.60,,
601,โฉนด,2022,1245,1542,03G073,0,2,31.1,,,231.10,,
602,โฉนด,2666,1244,1541,03G073/001,0,1,76.6,,176.60,,,
603,โฉนด,1779,1246,1543,03G074,0,2,29.4,,,,229.40,
604,โฉนด,2440,1247,1544,03G075,0,0,66.1,,,66.10,,
605,โฉนด,116433,6,4920,03G075/001,0,0,66,,,66.00,,
606,โฉนด,116432,5,4919,03G075/002,0,0,66,,,66.00,,
607,โฉนด,2441,645,1545,03G076,0,3,12.4,,312.40,,,
608,โฉนด,1777,1235,1546,03G077,0,1,64.9,,,164.90,,
609,โฉนด,2639,1234,1547,03G078,0,0,86,,,86.00,,
610,โฉนด,69523,1,4336,03G079,0,2,2.8,,,,202.80,
611,โฉนด,244,1484,432,03H001,0,1,60.8,,,160.80,,
612,โฉนด,8233,622,1414,03H002,0,0,98.8,,,,98.80,
613,โฉนด,232,1486,430,03H003,0,1,5.3,,,,105.30,
614,โฉนด,231,2418,428,03H004,0,1,96.9,,,196.90,,
615,โฉนด,2389,2192,1777,03H005,0,0,40,,,,40.00,
616,โฉนด,548,2420,429,03H006,0,1,60.8,,160.80,,,
617,โฉนด,20799,2415,3136,03H007,0,0,91.1,,91.10,,,
618,โฉนด,234,2414,426,03H008,0,1,5.6,,105.60,,,
619,โฉนด,82448,6,4638,03H008/001,0,0,39.4,,39.40,,,
620,โฉนด,82449,7,4639,03H008/002,0,0,41.2,,41.20,,,
621,โฉนด,245,2412,427,03H009,0,1,32.7,,,132.70,,
622,โฉนด,26552,2413,3441,03H009/001,0,0,70.8,,70.80,,,
623,โฉนด,237,2411,425,03H010,0,1,6.6,,,,106.60,
624,โฉนด,288,,,03H011,0,0,51.5,,51.50,,,
625,โฉนด,2390,2416,1778,03H011/001,0,0,74.9,,74.90,,,
626,โฉนด,2768,2417,1881,03H011/002,0,0,86.6,,86.60,,,
627,โฉนด,35810,111,1519,03H011/003,0,1,13.5,,,113.50,,
628,โฉนด,34411,2408,3736,03H011/004,0,0,99.5,,99.50,,,
629,โฉนด,236,2409,424,03H014,0,1,22.8,,,,,
630,โฉนด,1197,2407,422,03H015,0,2,34.2,,,234.20,,
631,โฉนด,7764,1487,2175,03H016,0,1,19.2,,119.20,,,
632,โฉนด,418,1488,546,03H017,0,1,42.6,,142.60,,,
633,โฉนด,455,2422,545,03H018,0,2,24.4,,,224.40,,
634,โฉนด,433,2423,544,03H019,0,3,9.1,,309.10,,,
635,โฉนด,392,2424,543,03H020,0,0,78,,,,78.00,
636,โฉนด,437,1430,892,03H021,0,0,83.4,,,83.40,,
637,โฉนด,33003,2426,3737,03H021/001,0,0,87.8,,87.80,,,
638,โฉนด,734,2427,541,03H022,0,0,35.2,,35.20,,,
639,โฉนด,65961,51,4113,03H022/001,0,0,24.5,,24.50,,,
640,โฉนด,69351,2,541,03H022/002,0,0,9,,9.00,,,
641,โฉนด,140346,60,6307,03H022/003,0,0,23.1,,,23.10,,
642,โฉนด,140347,61,6308,03H022/004,0,0,33.1,,,33.10,,
643,โฉนด,140348,61,6308,03H022/005,0,0,27.4,,27.40,,,
644,โฉนด,19642,2461,3108,03H023,0,0,86.9,,,,,
645,โฉนด,509,2460,520,03H024,1,1,13.3,,513.30,,,
646,โฉนด,18988,2462,3057,03H025,0,0,93.7,,,93.70,,
647,โฉนด,985,2463,523,03H026,0,0,85.2,,,85.20,,
648,โฉนด,18989,2464,3058,03H027,0,0,88.4,,,88.40,,
649,โฉนด,430,2450,524,03H028,0,2,17.8,,217.80,,,
650,โฉนด,19643,2459,3109,03H029,0,1,68.6,,,168.60,,
651,โฉนด,538,2451,525,03H030,0,2,27.2,,,227.20,,
652,โฉนด,320,2457,521,03H031,0,0,55,,,55.00,,
653,โฉนด,146314,67,6568,03H031/001,0,0,57.8,,57.80,,,
654,โฉนด,13614,2458,2992,03H032,0,0,64.1,,,64.10,,
655,โฉนด,19425,2456,3115,03H033,0,1,15.9,,115.90,,,
656,โฉนด,393,2455,540,03H034,0,1,44.2,,,144.20,,
657,โฉนด,364,2454,539,03H035,0,2,80.8,280.8,,,,
658,โฉนด,293,2453,522,03H036,1,1,15.4,,515.40,,,
659,โฉนด,546,2452,526,03H037,0,1,30.3,,,130.30,,
660,โฉนด,527,2438,538,03H038,0,1,60.6,,160.60,,,
661,โฉนด,397,2439,537,03H039,0,1,57.8,,157.80,,,
662,โฉนด,423,2440,536,03H040,0,1,80.3,,,180.30,,
663,โฉนด,363,2441,535,03H041,0,2,63.1,,249.60,13.50,,
664,โฉนด,526,2442,527,03H042,0,2,51.3,,,251.30,,
665,โฉนด,362,2448,528,03H043,0,0,68.3,,68.30,,,
666,โฉนด,348,2449,531,03H044,0,2,41.4,,241.40,,,
667,โฉนด,111519,26,5055,03H044/001,0,0,50,,,,50.00,
668,โฉนด,111517,24,5053,03H044/002,0,0,70,,,,70.00,
669,โฉนด,111518,25,5054,03H044/003,0,0,60,,,,60.00,
670,โฉนด,558,2446,530,03H045,0,1,66,,166.00,,,
671,โฉนด,99541,19,4940,03H045/001,0,1,90.6,,190.60,,,
672,โฉนด,101102,22,5003,03H045/003,0,0,20,,,20.00,,
673,โฉนด,431,2447,529,03H046,0,1,1.2,,,101.20,,
674,โฉนด,414,2443,534,03H047,0,1,32.2,,132.20,,,
675,โฉนด,444,2444,533,03H048,0,1,49.8,,149.80,,,
676,โฉนด,2556,2445,532,03H049,0,1,89.7,,,189.70,,
677,โฉนด,20693,2402,3124,03H050,0,0,60.8,,60.80,,,
678,โฉนด,345,2403,419,03H051,1,0,1.3,,396.30,5.00,,
679,โฉนด,142,2404,420,03H052,0,1,35.2,,135.20,,,
680,โฉนด,235,2405,421,03H053,0,1,92.6,,,192.60,,
681,โฉนด,30560,2406,3717,03H053/001,0,0,91.4,,,91.40,,
682,โฉนด,2683,2191,418,03H054,5,1,16.8,,,,,
683,โฉนด,940,2430,517,03H055,0,1,84.7,,,184.70,,
684,โฉนด,9754,2429,2410,03H056,0,1,41.7,,,141.70,,
685,โฉนด,898,2428,518,03H057,0,0,49,,,,49.00,
686,โฉนด,549,2431,514,03H058,0,2,51.8,,251.80,,,
687,โฉนด,78836,3,4509,03H058/001,0,2,91.8,,,291.80,,
688,โฉนด,144035,64,6508,03H058/002,0,0,40,,,40.00,,
689,โฉนด,432,2436,516,03H059,1,0,60,,452.00,8.00,,
690,โฉนด,443,2432,512,03H060,0,3,33.7,,333.70,,,
691,โฉนด,59846,2433,4017,03H060/001,1,3,28.4,728.4,,,,
692,โฉนด,141980,63,6468,03H060/002,0,2,0,,,200.00,,
693,โฉนด,422,2434,513,03H061,0,1,30.4,,,130.40,,
694,โฉนด,80179,5,4558,03H061/001,0,1,30.3,,130.30,,,
695,โฉนด,906,2435,515,03H062,0,2,53.6,,235.60,,,
696,โฉนด,676,2437,519,03H063,0,2,7.4,,207.40,,,
697,โฉนด,7274,2249,2101,03H064,0,0,49.5,,49.50,,,
698,โฉนด,7275,2252,2102,03H065,0,1,2.5,,,102.50,,
699,โฉนด,563,2253,417,03H066,0,1,2.5,,102.50,,,
700,โฉนด,285,2251,416,03H067,0,0,30.2,,,30.20,,
701,โฉนด,7273,2250,2103,03H068,0,0,49.1,,49.10,,,
702,โฉนด,531,2255,411,03H069,0,0,69.6,,69.60,,,
703,โฉนด,1340,2254,1742,03H069/001,0,0,78.2,,,78.20,,
704,โฉนด,26797,2256,3364,03H070/001,0,0,38.5,,38.50,,,
705,โฉนด,25176,2257,3288,03H071,0,0,74.9,,,74.90,,
706,โฉนด,280,2258,409,03H072,0,0,74.5,,,74.50,,
707,โฉนด,547,2259,408,03H073,0,1,66,,,166.00,,
708,โฉนด,276,2266,414,03H075,0,1,39.6,,139.60,,,
709,โฉนด,278,2265,415,03H076,0,1,7.6,,107.60,,,
710,โฉนด,123717,273,5287,03H076/001,0,1,61.7,,161.70,,,
711,โฉนด,123716,272,5286,03H076/002,0,0,85.6,,,85.60,,
712,โฉนด,2470,2263,1830,03H077,0,0,69.8,,,69.80,,
713,โฉนด,262,2262,413,03H078,0,0,64.1,,,64.10,,
714,โฉนด,757,2261,410,03H079,0,1,13.4,,,113.40,,
715,โฉนด,261,2260,407,03H080,1,0,20.5,,,420.50,,
716,โฉนด,1320,2267,402,03H081,0,0,57.8,,,57.80,,
717,โฉนด,268,2268,401,03H082,0,0,52,,,52.00,,
718,โฉนด,265,2269,403,03H083,0,1,5.2,,,105.20,,
719,โฉนด,264,2270,404,03H084,0,1,29,,,129.00,,
720,โฉนด,219,2271,400,03H085,0,3,29.1,,329.10,,,
721,โฉนด,150,2272,399,03H086,0,1,12.8,,,112.80,,
722,โฉนด,151,2278,397,03H087,0,1,67.3,,,167.30,,
723,โฉนด,948,2277,398,03H088,0,1,91.9,,,191.90,,
724,โฉนด,1683,2279,395,03H089,0,1,41.7,,117.60,24.15,,
725,โฉนด,807,2280,396,03H090,0,2,51.1,,239.10,12.00,,
726,โฉนด,272,2274,405,03H091,0,0,55.3,55.3,,55.30,,
727,โฉนด,45830,2273,3848,03H091/001,0,1,10.5,110.5,,110.50,,
728,โฉนด,45829,2275,3847,03H091/002,0,1,10.5,110.5,,110.50,,
729,โฉนด,45828,2276,3846,03H091/003,0,1,10.5,110.5,110.50,,,
730,โฉนด,97547,18,4927,03H091/004,0,0,55.3,55.3,,55.30,,
731,โฉนด,86501,10,4754,03H092,0,1,32.6,132.6,,,132.60,
732,โฉนด,69648,2,4337,03H093,0,1,35.3,135.3,,,135.30,
733,โฉนด,30634,2508,3560,03H094,0,3,53.9,353.9,,,353.90,
734,โฉนด,30549,2507,3559,03H095,0,1,99.2,199.2,,,199.20,
735,โฉนด,29016,2506,3561,03H096,0,2,37.4,237.4,,,237.40,
736,โฉนด,69998,2560,4106,03H097,0,1,15.4,115.4,,,115.40,